txn_date,new_case,total_case,new_case_excludeabroad,total_case_excludeabroad,new_death,total_death,new_recovered,total_recovered,total_vaccinations,people_vaccinated,people_fully_vaccinated,total_boosters,new_vaccinations,stringency_index,excess_mortality_cumulative_absolute,excess_mortality_cumulative,excess_mortality,total_tests,new_tests,reproduction_rate
1/12/2020,1,1,0,0,0,0,0,0,,,,,,0,,,,50,6,
1/13/2020,0,1,0,0,0,0,0,0,,,,,,0,,,,64,14,
1/14/2020,0,1,0,0,0,0,0,0,,,,,,0,,,,71,7,
1/15/2020,0,1,0,0,0,0,0,0,,,,,,0,,,,83,12,
1/16/2020,0,1,0,0,0,0,0,0,,,,,,0,,,,92,9,
1/17/2020,1,2,0,0,0,0,0,0,,,,,,0,,,,97,5,
1/18/2020,0,2,0,0,0,0,0,0,,,,,,0,,,,120,23,
1/19/2020,0,2,0,0,0,0,0,0,,,,,,0,,,,126,6,
1/20/2020,0,2,0,0,0,0,0,0,,,,,,0,,,,174,48,
1/21/2020,0,2,0,0,0,0,0,0,,,,,,0,,,,186,12,
1/22/2020,2,4,0,0,0,0,0,0,,,,,,0,,,,194,8,
1/23/2020,0,4,0,0,0,0,0,0,,,,,,0,,,,218,24,
1/24/2020,1,5,0,0,0,0,0,0,,,,,,0,,,,237,19,
1/25/2020,1,6,0,0,0,0,0,0,,,,,,0,,,,263,26,
1/26/2020,2,8,0,0,0,0,0,0,,,,,,0,,,,324,61,
1/27/2020,0,8,0,0,0,0,0,0,,,,,,0,,,,383,59,
1/28/2020,6,14,3,3,0,0,0,0,,,,,,0,,,,461,78,
1/29/2020,0,14,0,3,0,0,0,0,,,,,,0,,,,569,108,
1/30/2020,0,14,0,3,0,0,0,0,,,,,,0,,,,704,135,
1/31/2020,5,19,1,4,0,0,0,0,,,,,,0,2428.4,5.43,5.43,846,142,
2/1/2020,0,19,0,4,0,0,0,0,,,,,,0,,,,1070,224,
2/2/2020,0,19,0,4,0,0,0,0,,,,,,0,,,,1223,153,
2/3/2020,0,19,0,4,0,0,0,0,,,,,,0,,,,1351,128,
2/4/2020,6,25,2,6,0,0,0,0,,,,,,0,,,,1586,235,
2/5/2020,0,25,0,6,0,0,0,0,,,,,,0,,,,1973,387,
2/6/2020,0,25,0,6,0,0,0,0,,,,,,0,,,,2178,205,
2/7/2020,0,25,0,6,0,0,0,0,,,,,,0,,,,2330,152,
2/8/2020,7,32,5,11,0,0,0,0,,,,,,0,,,,2434,104,
2/9/2020,0,32,0,11,0,0,0,0,,,,,,0,,,,2495,61,
2/10/2020,0,32,0,11,0,0,0,0,,,,,,0,,,,2546,51,
2/11/2020,1,33,1,12,0,0,0,0,,,,,,0,,,,2611,65,
2/12/2020,0,33,0,12,0,0,0,0,,,,,,0,,,,2727,116,
2/13/2020,0,33,0,12,0,0,0,0,,,,,,0,,,,2796,69,
2/14/2020,0,33,0,12,0,0,0,0,,,,,,0,,,,2849,53,
2/15/2020,1,34,1,13,0,0,0,0,,,,,,0,,,,2930,81,
2/16/2020,0,34,0,13,0,0,0,0,,,,,,0,,,,2963,33,
2/17/2020,1,35,1,14,0,0,0,0,,,,,,0,,,,3088,125,
2/18/2020,0,35,0,14,0,0,0,0,,,,,,0,,,,3212,124,
2/19/2020,0,35,0,14,0,0,0,0,,,,,,0,,,,3400,188,
2/20/2020,0,35,0,14,0,0,0,0,,,,,,0,,,,3593,193,
2/21/2020,0,35,0,14,0,0,0,0,,,,,,0,,,,3783,190,
2/22/2020,0,35,0,14,0,0,0,0,,,,,,0,,,,3963,180,
2/23/2020,0,35,0,14,0,0,0,0,,,,,,0,,,,4218,255,
2/24/2020,0,35,0,14,0,0,0,0,,,,,,0,,,,4569,351,
2/25/2020,2,37,2,16,0,0,0,0,,,,,,0,,,,5058,489,
2/26/2020,3,40,2,18,0,0,0,0,,,,,,0,,,,5779,721,
2/27/2020,0,40,0,18,0,0,0,0,,,,,,0,,,,7183,1404,
2/28/2020,1,41,0,18,0,0,0,0,,,,,,0,,,,8357,1174,
2/29/2020,1,42,1,19,0,0,0,0,,,,,,0,2473.6,2.93,0.11,9088,731,
3/1/2020,0,42,0,19,1,1,0,0,,,,,,0,,,,9709,621,
3/2/2020,1,43,1,20,0,1,0,0,,,,,,0,,,,10460,751,
3/3/2020,0,43,0,20,0,1,0,0,,,,,,0,,,,11176,716,
3/4/2020,0,43,0,20,0,1,0,0,,,,,,0,,,,11808,632,
3/5/2020,4,47,0,20,0,1,0,0,,,,,,0,,,,12479,671,
3/6/2020,1,48,0,20,0,1,0,0,,,,,,16.67,,,,13098,619,
3/7/2020,2,50,0,20,0,1,0,0,,,,,,16.67,,,,13794,696,
3/8/2020,0,50,0,20,0,1,0,0,,,,,,16.67,,,,14354,560,
3/9/2020,0,50,0,20,0,1,0,0,,,,,,16.67,,,,15161,807,
3/10/2020,3,53,2,22,0,1,33,33,,,,,,25,,,,15772,611,
3/11/2020,6,59,5,27,0,1,1,34,,,,,,25,,,,16777,1005,
3/12/2020,13,72,13,40,0,1,1,35,,,,,,25,,,,17831,1054,
3/13/2020,3,75,0,40,0,1,0,35,,,,,,25,,,,19077,1246,
3/14/2020,7,82,5,45,0,1,0,35,,,,,,25,,,,20433,1356,
3/15/2020,32,114,22,67,0,1,2,37,,,,,,26.85,,,,22539,2106,
3/16/2020,33,147,23,90,0,1,1,38,,,,,,33.8,,,,24729,2190,2.16
3/17/2020,30,177,18,108,0,1,3,41,,,,,,39.35,,,,27891,3162,2.15
3/18/2020,35,212,35,143,0,1,1,42,,,,,,48.61,,,,30587,2696,2.16
3/19/2020,60,272,46,189,0,1,0,42,,,,,,48.61,,,,33482,2895,2.17
3/20/2020,50,322,39,228,0,1,1,43,,,,,,48.61,,,,35591,2109,2.17
3/21/2020,89,411,74,302,0,1,1,44,,,,,,52.31,,,,37259,1668,2.18
3/22/2020,188,599,162,464,0,1,1,45,,,,,,52.31,,,,39317,2058,2.15
3/23/2020,122,721,104,568,0,1,7,52,,,,,,52.31,,,,41686,2369,2.03
3/24/2020,106,827,74,642,4,5,5,57,,,,,,52.31,,,,44049,2363,1.9
3/25/2020,107,934,79,721,0,5,13,70,,,,,,57.87,,,,46972,2923,1.77
3/26/2020,111,1045,93,814,0,5,18,88,,,,,,68.06,,,,50330,3358,1.65
3/27/2020,91,1136,74,888,0,5,9,97,,,,,,68.06,,,,53759,3429,1.56
3/28/2020,108,1244,90,978,1,6,3,100,,,,,,68.06,,,,56386,2627,1.47
3/29/2020,141,1385,121,1099,1,7,11,111,,,,,,68.06,,,,58637,2251,1.4
3/30/2020,138,1523,117,1216,2,9,16,127,,,,,,68.06,,,,60957,2320,1.34
3/31/2020,128,1651,103,1319,1,10,215,342,,,,,,68.06,5278,4.19,6.76,63463,2506,1.27
4/1/2020,120,1771,87,1406,2,12,74,416,,,,,,68.06,,,,66240,2777,1.19
4/2/2020,104,1875,80,1486,3,15,89,505,,,,,,68.06,,,,69203,2963,1.11
4/3/2020,103,1978,78,1564,4,19,76,581,,,,,,76.85,,,,71965,2762,1.04
4/4/2020,89,2067,67,1631,1,20,31,612,,,,,,76.85,,,,75154,3189,0.97
4/5/2020,102,2169,86,1717,3,23,62,674,,,,,,76.85,,,,78679,3525,0.9
4/6/2020,51,2220,46,1763,3,26,119,793,,,,,,76.85,,,,82570,3891,0.85
4/7/2020,38,2258,35,1798,1,27,31,824,,,,,,76.85,,,,87308,4738,0.82
4/8/2020,111,2369,66,1864,5,32,64,888,,,,,,76.85,,,,91112,3804,0.79
4/9/2020,54,2423,44,1908,0,32,52,940,,,,,,76.85,,,,94689,3577,0.74
4/10/2020,50,2473,47,1955,1,33,73,1013,,,,,,76.85,,,,98465,3776,0.69
4/11/2020,45,2518,33,1988,2,35,122,1135,,,,,,76.85,,,,102357,3892,0.65
4/12/2020,33,2551,28,2016,3,38,83,1218,,,,,,76.85,,,,105111,2754,0.62
4/13/2020,28,2579,24,2040,2,40,70,1288,,,,,,76.85,,,,108809,3698,0.61
4/14/2020,34,2613,31,2071,1,41,117,1405,,,,,,76.85,,,,112713,3904,0.61
4/15/2020,30,2643,27,2098,2,43,92,1497,,,,,,76.85,,,,117592,4879,0.6
4/16/2020,29,2672,27,2125,3,46,96,1593,,,,,,76.85,,,,123011,5419,0.59
4/17/2020,28,2700,27,2152,1,47,96,1689,,,,,,76.85,,,,127903,4892,0.59
4/18/2020,33,2733,27,2179,0,47,98,1787,,,,,,76.85,,,,134079,6176,0.58
4/19/2020,32,2765,27,2206,0,47,141,1928,,,,,,76.85,,,,138545,4466,0.58
4/20/2020,27,2792,24,2230,0,47,71,1999,,,,,,76.85,,,,142769,4224,0.58
4/21/2020,19,2811,17,2247,2,49,109,2108,,,,,,76.85,,,,148286,5517,0.57
4/22/2020,15,2826,14,2261,0,49,244,2352,,,,,,76.85,,,,155219,6933,0.56
4/23/2020,13,2839,12,2273,1,50,78,2430,,,,,,76.85,,,,164441,9222,0.56
4/24/2020,15,2854,14,2287,0,50,60,2490,,,,,,76.85,,,,170968,6527,0.57
4/25/2020,53,2907,53,2340,1,51,57,2547,,,,,,76.85,,,,176587,5619,0.58
4/26/2020,15,2922,10,2350,0,51,47,2594,,,,,,76.85,,,,182423,5836,0.54
4/27/2020,9,2931,7,2357,1,52,15,2609,,,,,,76.85,,,,190495,8072,0.51
4/28/2020,7,2938,7,2364,2,54,43,2652,,,,,,76.85,,,,200260,9765,0.49
4/29/2020,9,2947,9,2373,0,54,13,2665,,,,,,76.85,,,,209032,8772,0.46
4/30/2020,7,2954,4,2377,0,54,22,2687,,,,,,76.85,2098.6,1.24,-7.35,220455,11423,0.44
5/1/2020,6,2960,6,2383,0,54,32,2719,,,,,,76.85,,,,227985,7530,0.43
5/2/2020,6,2966,4,2387,0,54,13,2732,,,,,,76.85,,,,237228,9243,0.43
5/3/2020,3,2969,2,2389,0,54,7,2739,,,,,,75,,,,243313,6085,0.44
5/4/2020,18,2987,18,2407,0,54,1,2740,,,,,,75,,,,249824,6511,0.46
5/5/2020,1,2988,1,2408,0,54,7,2747,,,,,,75,,,,257150,7326,0.44
5/6/2020,1,2989,0,2408,1,55,14,2761,,,,,,75,,,,263341,6191,0.43
5/7/2020,3,2992,1,2409,0,55,11,2772,,,,,,75,,,,271008,7667,0.44
5/8/2020,8,3000,8,2417,0,55,12,2784,,,,,,75,,,,278924,7916,0.46
5/9/2020,4,3004,4,2421,1,56,3,2787,,,,,,75,,,,285118,6194,0.47
5/10/2020,5,3009,2,2423,0,56,7,2794,,,,,,75,,,,290694,5576,0.47
5/11/2020,6,3015,6,2429,0,56,2,2796,,,,,,75,,,,296453,5759,0.48
5/12/2020,2,3017,2,2431,0,56,2,2798,,,,,,75,,,,303238,6785,0.48
5/13/2020,0,3017,0,2431,0,56,46,2844,,,,,,75,,,,310678,7440,0.47
5/14/2020,1,3018,1,2432,0,56,6,2850,,,,,,75,,,,317688,7010,0.49
5/15/2020,7,3025,0,2432,0,56,4,2854,,,,,,75,,,,325763,8075,0.53
5/16/2020,0,3025,0,2432,0,56,1,2855,,,,,,75,,,,332254,6491,0.54
5/17/2020,3,3028,0,2432,0,56,1,2856,,,,,,73.15,,,,336297,4043,0.57
5/18/2020,3,3031,3,2435,0,56,1,2857,,,,,,73.15,,,,343058,6761,0.6
5/19/2020,2,3033,2,2437,0,56,0,2857,,,,,,75,,,,350714,7656,0.62
5/20/2020,1,3034,0,2437,0,56,31,2888,,,,,,75,,,,359248,8534,0.65
5/21/2020,3,3037,2,2439,0,56,9,2897,,,,,,75,,,,367875,8627,0.69
5/22/2020,0,3037,0,2439,0,56,13,2910,,,,,,75,,,,375611,7736,0.73
5/23/2020,3,3040,1,2440,0,56,6,2916,,,,,,75,,,,383525,7914,0.82
5/24/2020,0,3040,0,2440,1,57,5,2921,,,,,,75,,,,387823,4298,0.9
5/25/2020,2,3042,1,2441,0,57,7,2928,,,,,,75,,,,396017,8194,1.02
5/26/2020,3,3045,0,2441,0,57,1,2929,,,,,,75,,,,405210,9193,1.15
5/27/2020,9,3054,0,2441,0,57,2,2931,,,,,,75,,,,415231,10021,1.27
5/28/2020,11,3065,0,2441,0,57,14,2945,,,,,,75,,,,424412,9181,1.27
5/29/2020,11,3076,0,2441,0,57,0,2945,,,,,,75,,,,433171,8759,1.2
5/30/2020,1,3077,0,2441,0,57,16,2961,,,,,,75,,,,440929,7758,1.07
5/31/2020,4,3081,0,2441,0,57,2,2963,,,,,,75,-142.6,-0.07,-5.35,445726,4797,0.98
6/1/2020,1,3082,0,2441,0,57,2,2965,,,,,,75,,,,453829,8103,0.89
6/2/2020,1,3083,0,2441,1,58,1,2966,,,,,,75,,,,464122,10293,0.84
6/3/2020,1,3084,0,2441,0,58,2,2968,,,,,,75,,,,470818,6696,0.81
6/4/2020,17,3101,0,2441,0,58,0,2968,,,,,,75,,,,480847,10029,0.8
6/5/2020,1,3102,0,2441,0,58,3,2971,,,,,,75,,,,489810,8963,0.79
6/6/2020,2,3104,0,2441,0,58,0,2971,,,,,,62.96,,,,495069,5259,0.82
6/7/2020,8,3112,0,2441,0,58,1,2972,,,,,,62.96,,,,500150,5081,0.86
6/8/2020,7,3119,0,2441,0,58,1,2973,,,,,,62.96,,,,508820,8670,0.85
6/9/2020,2,3121,0,2441,0,58,0,2973,,,,,,62.96,,,,519346,10526,0.81
6/10/2020,4,3125,0,2441,0,58,8,2981,,,,,,62.96,,,,527286,7940,0.77
6/11/2020,0,3125,0,2441,0,58,6,2987,,,,,,62.96,,,,537652,10366,0.73
6/12/2020,4,3129,0,2441,0,58,0,2987,,,,,,62.96,,,,546470,8818,0.74
6/13/2020,5,3134,0,2441,0,58,0,2987,,,,,,62.96,,,,552096,5626,0.75
6/14/2020,1,3135,0,2441,0,58,0,2987,,,,,,62.96,,,,556894,4798,0.72
6/15/2020,0,3135,0,2441,0,58,0,2987,,,,,,59.26,,,,564857,7963,0.71
6/16/2020,0,3135,0,2441,0,58,6,2993,,,,,,59.26,,,,573793,8936,0.75
6/17/2020,0,3135,0,2441,0,58,3,2996,,,,,,59.26,,,,581795,8002,0.81
6/18/2020,6,3141,0,2441,0,58,1,2997,,,,,,59.26,,,,589932,8137,0.89
6/19/2020,5,3146,0,2441,0,58,11,3008,,,,,,59.26,,,,596823,6891,0.92
6/20/2020,1,3147,0,2441,0,58,10,3018,,,,,,59.26,,,,600766,3943,0.91
6/21/2020,1,3148,0,2441,0,58,0,3018,,,,,,59.26,,,,604371,3605,0.92
6/22/2020,3,3151,0,2441,0,58,4,3022,,,,,,59.26,,,,610576,6205,0.95
6/23/2020,5,3156,0,2441,0,58,1,3023,,,,,,59.26,,,,616355,5779,0.98
6/24/2020,1,3157,0,2441,0,58,3,3026,,,,,,59.26,,,,621618,5263,0.95
6/25/2020,1,3158,0,2441,0,58,12,3038,,,,,,59.26,,,,628289,6671,0.94
6/26/2020,4,3162,0,2441,0,58,2,3040,,,,,,59.26,,,,632609,4320,0.98
6/27/2020,0,3162,0,2441,0,58,13,3053,,,,,,59.26,,,,636152,3543,1
6/28/2020,0,3162,0,2441,0,58,0,3053,,,,,,59.26,,,,638699,2547,1.06
6/29/2020,7,3169,0,2441,0,58,0,3053,,,,,,59.26,,,,645136,6437,1.16
6/30/2020,2,3171,0,2441,0,58,3,3056,,,,,,59.26,858.4,0.34,2.6,650395,5259,1.15
7/1/2020,2,3173,0,2441,0,58,3,3059,,,,,,52.78,,,,654775,4380,1.16
7/2/2020,6,3179,0,2441,0,58,0,3059,,,,,,52.78,,,,659420,4645,1.16
7/3/2020,1,3180,0,2441,0,58,7,3066,,,,,,52.78,,,,663675,4255,1.14
7/4/2020,5,3185,0,2441,0,58,0,3066,,,,,,52.78,,,,666081,2406,1.15
7/5/2020,5,3190,0,2441,0,58,5,3071,,,,,,52.78,,,,668610,2529,1.14
7/6/2020,5,3195,0,2441,0,58,1,3072,,,,,,52.78,,,,671724,3114,1.08
7/7/2020,0,3195,0,2441,0,58,0,3072,,,,,,52.78,,,,674724,3000,1
7/8/2020,2,3197,0,2441,0,58,2,3074,,,,,,52.78,,,,678239,3515,0.97
7/9/2020,5,3202,0,2441,0,58,11,3085,,,,,,52.78,,,,682574,4335,0.95
7/10/2020,0,3202,0,2441,0,58,2,3087,,,,,,52.78,,,,687650,5076,0.91
7/11/2020,14,3216,0,2441,0,58,1,3088,,,,,,52.78,,,,690967,3317,0.92
7/12/2020,1,3217,0,2441,0,58,0,3088,,,,,,52.78,,,,693780,2813,0.92
7/13/2020,3,3220,0,2441,0,58,2,3090,,,,,,52.78,,,,697901,4121,0.95
7/14/2020,7,3227,0,2441,0,58,1,3091,,,,,,52.78,,,,704028,6127,0.99
7/15/2020,5,3232,0,2441,0,58,1,3092,,,,,,52.78,,,,709415,5387,0.98
7/16/2020,4,3236,0,2441,0,58,3,3095,,,,,,52.78,,,,717770,8355,0.96
7/17/2020,3,3239,0,2441,0,58,1,3096,,,,,,52.78,,,,723798,6028,0.95
7/18/2020,7,3246,0,2441,0,58,0,3096,,,,,,52.78,,,,728679,4881,0.96
7/19/2020,3,3249,0,2441,0,58,0,3096,,,,,,52.78,,,,731999,3320,0.93
7/20/2020,1,3250,0,2441,0,58,0,3096,,,,,,52.78,,,,736729,4730,0.91
7/21/2020,5,3255,0,2441,0,58,9,3105,,,,,,52.78,,,,741202,4473,0.92
7/22/2020,6,3261,0,2441,0,58,0,3105,,,,,,52.78,,,,747857,6655,0.9
7/23/2020,8,3269,0,2441,0,58,0,3105,,,,,,52.78,,,,753635,5778,0.88
7/24/2020,10,3279,0,2441,0,58,2,3107,,,,,,52.78,,,,759407,5772,0.86
7/25/2020,3,3282,0,2441,0,58,2,3109,,,,,,52.78,,,,763304,3897,0.84
7/26/2020,9,3291,0,2441,0,58,0,3109,,,,,,52.78,,,,766266,2962,0.84
7/27/2020,4,3295,0,2441,0,58,2,3111,,,,,,52.78,,,,770592,4326,0.81
7/28/2020,2,3297,0,2441,0,58,0,3111,,,,,,52.78,,,,775216,4624,0.77
7/29/2020,1,3298,0,2441,0,58,0,3111,,,,,,52.78,,,,780874,5658,0.76
7/30/2020,6,3304,0,2441,0,58,0,3111,,,,,,52.78,,,,787789,6915,0.78
7/31/2020,6,3310,0,2441,0,58,14,3125,,,,,,52.78,-53,-0.02,-2.24,792818,5029,0.79
8/1/2020,2,3312,0,2441,0,58,10,3135,,,,,,52.78,,,,796499,3681,0.82
8/2/2020,5,3317,0,2441,0,58,7,3142,,,,,,52.78,,,,799685,3186,0.85
8/3/2020,3,3320,0,2441,0,58,0,3142,,,,,,52.78,,,,803386,3701,0.87
8/4/2020,1,3321,0,2441,0,58,0,3142,,,,,,52.78,,,,807341,3955,0.89
8/5/2020,7,3328,0,2441,0,58,2,3144,,,,,,52.78,,,,811935,4594,0.94
8/6/2020,2,3330,0,2441,0,58,4,3148,,,,,,52.78,,,,815921,3986,0.96
8/7/2020,15,3345,0,2441,0,58,0,3148,,,,,,52.78,,,,820454,4533,1.01
8/8/2020,3,3348,0,2441,0,58,2,3150,,,,,,52.78,,,,824833,4379,0.97
8/9/2020,3,3351,0,2441,0,58,1,3151,,,,,,52.78,,,,828385,3552,0.93
8/10/2020,0,3351,0,2441,0,58,9,3160,,,,,,52.78,,,,831941,3556,0.91
8/11/2020,0,3351,0,2441,0,58,3,3163,,,,,,52.78,,,,836077,4136,0.92
8/12/2020,5,3356,0,2441,0,58,6,3169,,,,,,52.78,,,,840080,4003,0.97
8/13/2020,3,3359,0,2441,0,58,0,3169,,,,,,52.78,,,,844114,4034,1
8/14/2020,17,3376,0,2441,0,58,4,3173,,,,,,50,,,,847358,3244,1.04
8/15/2020,0,3376,0,2441,0,58,20,3193,,,,,,50,,,,850714,3356,0.97
8/16/2020,1,3377,0,2441,0,58,1,3194,,,,,,50,,,,853786,3072,0.91
8/17/2020,1,3378,0,2441,0,58,0,3194,,,,,,50,,,,858048,4262,0.88
8/18/2020,3,3381,0,2441,0,58,4,3198,,,,,,50,,,,862248,4200,0.87
8/19/2020,1,3382,0,2441,0,58,1,3199,,,,,,50,,,,868456,6208,0.86
8/20/2020,7,3389,0,2441,0,58,19,3218,,,,,,50,,,,873929,5473,0.88
8/21/2020,1,3390,0,2441,0,58,1,3219,,,,,,50,,,,878226,4297,0.84
8/22/2020,0,3390,0,2441,0,58,1,3220,,,,,,50,,,,881794,3568,0.88
8/23/2020,5,3395,0,2441,0,58,1,3221,,,,,,50,,,,884460,2666,0.93
8/24/2020,2,3397,0,2441,0,58,1,3222,,,,,,50,,,,889807,5347,0.94
8/25/2020,5,3402,0,2441,0,58,7,3229,,,,,,50,,,,893495,3688,0.95
8/26/2020,1,3403,0,2441,0,58,8,3237,,,,,,50,,,,898704,5209,0.93
8/27/2020,1,3404,0,2441,0,58,0,3237,,,,,,50,,,,903570,4866,0.94
8/28/2020,6,3410,0,2441,0,58,0,3237,,,,,,50,,,,908325,4755,0.98
8/29/2020,1,3411,0,2441,0,58,5,3242,,,,,,50,,,,911888,3563,0.99
8/30/2020,0,3411,0,2441,0,58,10,3252,,,,,,50,,,,915572,3684,1.03
8/31/2020,1,3412,0,2441,0,58,0,3252,,,,,,50,-677.6,-0.2,-1.5,920560,4988,1.11
9/1/2020,5,3417,0,2441,0,58,22,3274,,,,,,50,,,,924780,4220,1.2
9/2/2020,8,3425,0,2441,0,58,0,3274,,,,,,50,,,,928601,3821,1.25
9/3/2020,2,3427,0,2441,0,58,3,3277,,,,,,50,,,,933290,4689,1.22
9/4/2020,4,3431,1,2442,0,58,0,3277,,,,,,50,,,,937852,4562,1.21
9/5/2020,7,3438,0,2442,0,58,2,3279,,,,,,50,,,,940755,2903,1.24
9/6/2020,6,3444,0,2442,0,58,2,3281,,,,,,50,,,,944218,3463,1.21
9/7/2020,1,3445,0,2442,0,58,0,3281,,,,,,44.44,,,,948955,4737,1.16
9/8/2020,1,3446,0,2442,0,58,3,3284,,,,,,44.44,,,,955130,6175,1.12
9/9/2020,1,3447,0,2442,0,58,2,3286,,,,,,44.44,,,,960498,5368,1.14
9/10/2020,7,3454,0,2442,0,58,24,3310,,,,,,44.44,,,,965485,4987,1.21
9/11/2020,7,3461,0,2442,0,58,2,3312,,,,,,44.44,,,,970495,5010,1.22
9/12/2020,5,3466,0,2442,0,58,0,3312,,,,,,44.44,,,,975503,5008,1.21
9/13/2020,7,3473,0,2442,0,58,0,3312,,,,,,44.44,,,,978488,2985,1.2
9/14/2020,2,3475,0,2442,0,58,0,3312,,,,,,44.44,,,,982877,4389,1.17
9/15/2020,5,3480,0,2442,0,58,3,3315,,,,,,44.44,,,,986977,4100,1.13
9/16/2020,10,3490,0,2442,0,58,1,3316,,,,,,44.44,,,,991212,4235,1.11
9/17/2020,0,3490,0,2442,0,58,9,3325,,,,,,44.44,,,,995247,4035,1.04
9/18/2020,7,3497,0,2442,1,59,3,3328,,,,,,44.44,,,,999615,4368,1.01
9/19/2020,3,3500,0,2442,0,59,10,3338,,,,,,44.44,,,,1002619,3004,0.98
9/20/2020,6,3506,0,2442,0,59,2,3340,,,,,,44.44,,,,1005756,3137,0.96
9/21/2020,0,3506,0,2442,0,59,2,3342,,,,,,44.44,,,,1010964,5208,0.92
9/22/2020,5,3511,0,2442,0,59,1,3343,,,,,,47.22,,,,1016484,5520,0.89
9/23/2020,3,3514,0,2442,0,59,2,3345,,,,,,47.22,,,,1021085,4601,0.86
9/24/2020,2,3516,0,2442,0,59,8,3353,,,,,,47.22,,,,1025764,4679,0.84
9/25/2020,3,3519,0,2442,0,59,7,3360,,,,,,47.22,,,,1030254,4490,0.84
9/26/2020,3,3522,0,2442,0,59,2,3362,,,,,,47.22,,,,1034355,4101,0.86
9/27/2020,1,3523,0,2442,0,59,5,3367,,,,,,47.22,,,,1038122,3767,0.88
9/28/2020,22,3545,0,2442,0,59,2,3369,,,,,,47.22,,,,1043017,4895,0.92
9/29/2020,14,3559,0,2442,0,59,1,3370,,,,,,47.22,,,,1048381,5364,0.96
9/30/2020,5,3564,0,2442,0,59,4,3374,,,,,,47.22,-1330,-0.36,-1.63,1053371,4990,0.94
10/1/2020,5,3569,0,2442,0,59,5,3379,,,,,,47.22,,,,1057713,4342,0.95
10/2/2020,6,3575,0,2442,0,59,5,3384,,,,,,47.22,,,,1061810,4097,0.97
10/3/2020,8,3583,0,2442,0,59,2,3386,,,,,,47.22,,,,1065146,3336,0.99
10/4/2020,2,3585,0,2442,0,59,2,3388,,,,,,47.22,,,,1069096,3950,1.01
10/5/2020,5,3590,0,2442,0,59,2,3390,,,,,,47.22,,,,1073251,4155,1.05
10/6/2020,10,3600,0,2442,0,59,0,3390,,,,,,47.22,,,,1077127,3876,1.08
10/7/2020,15,3615,0,2442,0,59,1,3391,,,,,,47.22,,,,1081402,4275,1.08
10/8/2020,7,3622,0,2442,0,59,48,3439,,,,,,47.22,,,,1085990,4588,1.04
10/9/2020,6,3628,0,2442,0,59,2,3441,,,,,,47.22,,,,1091871,5881,1
10/10/2020,6,3634,0,2442,0,59,4,3445,,,,,,47.22,,,,1096467,4596,0.98
10/11/2020,2,3636,0,2442,0,59,6,3451,,,,,,47.22,,,,1099830,3363,0.98
10/12/2020,5,3641,0,2442,0,59,3,3454,,,,,,47.22,,,,1104888,5058,0.99
10/13/2020,2,3643,0,2442,0,59,3,3457,,,,,,47.22,,,,1109458,4570,1
10/14/2020,9,3652,0,2442,0,59,0,3457,,,,,,47.22,,,,1114451,4993,1.05
10/15/2020,13,3665,0,2442,0,59,6,3463,,,,,,47.22,,,,1119223,4772,1.08
10/16/2020,4,3669,0,2442,0,59,4,3467,,,,,,47.22,,,,1124261,5038,1.07
10/17/2020,10,3679,2,2444,0,59,11,3478,,,,,,47.22,,,,1127841,3580,1.08
10/18/2020,7,3686,3,2447,0,59,3,3481,,,,,,47.22,,,,1131750,3909,1.08
10/19/2020,5,3691,0,2447,0,59,7,3488,,,,,,47.22,,,,1136724,4974,1.07
10/20/2020,9,3700,0,2447,0,59,3,3491,,,,,,47.22,,,,1143561,6837,1.07
10/21/2020,9,3709,0,2447,0,59,4,3495,,,,,,47.22,,,,1148599,5038,1.05
10/22/2020,10,3719,0,2447,0,59,19,3514,,,,,,47.22,,,,1153554,4955,1.03
10/23/2020,8,3727,0,2447,0,59,4,3518,,,,,,47.22,,,,1157834,4280,1.01
10/24/2020,4,3731,1,2448,0,59,11,3529,,,,,,47.22,,,,1161884,4050,0.98
10/25/2020,5,3736,0,2448,0,59,1,3530,,,,,,47.22,,,,1165055,3171,0.99
10/26/2020,7,3743,0,2448,0,59,13,3543,,,,,,47.22,,,,1169958,4903,0.99
10/27/2020,3,3746,0,2448,0,59,8,3551,,,,,,47.22,,,,1175091,5133,0.99
10/28/2020,12,3758,0,2448,0,59,10,3561,,,,,,47.22,,,,1179341,4250,1.01
10/29/2020,5,3763,0,2448,0,59,9,3570,,,,,,47.22,,,,1183884,4543,1
10/30/2020,12,3775,0,2448,0,59,15,3585,,,,,,47.22,,,,1187789,3905,1
10/31/2020,5,3780,0,2448,0,59,5,3590,,,,,,47.22,-3000,-0.72,-3.86,1191306,3517,0.98
11/1/2020,4,3784,0,2448,0,59,2,3592,,,,,,47.22,,,,1194291,2985,0.97
11/2/2020,3,3787,0,2448,0,59,3,3595,,,,,,47.22,,,,1198439,4148,0.98
11/3/2020,10,3797,0,2448,0,59,10,3605,,,,,,47.22,,,,1203673,5234,1
11/4/2020,7,3804,0,2448,0,59,7,3612,,,,,,47.22,,,,1208222,4549,1
11/5/2020,6,3810,0,2448,0,59,11,3623,,,,,,47.22,,,,1212563,4341,0.99
11/6/2020,8,3818,0,2448,1,60,16,3639,,,,,,47.22,,,,1215739,3176,1
11/7/2020,12,3830,1,2449,0,60,5,3644,,,,,,47.22,,,,1219577,3838,1
11/8/2020,7,3837,0,2449,0,60,10,3654,,,,,,47.22,,,,1222392,2815,0.96
11/9/2020,3,3840,0,2449,0,60,7,3661,,,,,,47.22,,,,1225975,3583,0.92
11/10/2020,4,3844,1,2450,0,60,9,3670,,,,,,47.22,,,,1230639,4664,0.91
11/11/2020,3,3847,0,2450,0,60,15,3685,,,,,,47.22,,,,1235308,4669,0.9
11/12/2020,5,3852,0,2450,0,60,8,3693,,,,,,47.22,,,,1239393,4085,0.92
11/13/2020,9,3861,0,2450,0,60,4,3697,,,,,,47.22,,,,1242858,3465,0.95
11/14/2020,5,3866,0,2450,0,60,10,3707,,,,,,47.22,,,,1246311,3453,0.95
11/15/2020,8,3874,0,2450,0,60,8,3715,,,,,,47.22,,,,1248855,2544,0.96
11/16/2020,1,3875,0,2450,0,60,6,3721,,,,,,47.22,,,,1251908,3053,0.95
11/17/2020,3,3878,0,2450,0,60,3,3724,,,,,,47.22,,,,1256132,4224,0.98
11/18/2020,2,3880,0,2450,0,60,5,3729,,,,,,47.22,,,,1260612,4480,1.03
11/19/2020,8,3888,0,2450,0,60,13,3742,,,,,,47.22,,,,1263203,2591,1.1
11/20/2020,4,3892,0,2450,0,60,3,3745,,,,,,47.22,,,,1265816,2613,1.15
11/21/2020,10,3902,0,2450,0,60,11,3756,,,,,,47.22,,,,1268230,2414,1.23
11/22/2020,11,3913,0,2450,0,60,5,3761,,,,,,50,,,,1270668,2438,1.26
11/23/2020,7,3920,0,2450,0,60,5,3766,,,,,,50,,,,1274347,3679,1.27
11/24/2020,2,3922,0,2450,0,60,6,3772,,,,,,50,,,,1278462,4115,1.29
11/25/2020,4,3926,0,2450,0,60,8,3780,,,,,,50,,,,1282895,4433,1.35
11/26/2020,16,3942,0,2450,0,60,8,3788,,,,,,50,,,,1286329,3434,1.43
11/27/2020,19,3961,0,2450,0,60,2,3790,,,,,,50,,,,1290440,4111,1.46
11/28/2020,5,3966,0,2450,0,60,8,3798,,,,,,50,,,,1293655,3215,1.43
11/29/2020,11,3977,0,2450,0,60,2,3800,,,,,,50,,,,1297017,3362,1.44
11/30/2020,21,3998,0,2450,0,60,3,3803,,,,,,50,-440.6,-0.1,6.24,1301522,4505,1.44
12/1/2020,10,4008,0,2450,0,60,8,3811,,,,,,50,,,,1306764,5242,1.42
12/2/2020,18,4026,0,2450,0,60,11,3822,,,,,,50,,,,1312064,5300,1.41
12/3/2020,13,4039,0,2450,0,60,10,3832,,,,,,50,,,,1317417,5353,1.38
12/4/2020,14,4053,1,2451,0,60,7,3839,,,,,,50,,,,1323200,5783,1.36
12/5/2020,19,4072,2,2453,0,60,9,3848,,,,,,50,,,,1328500,5300,1.36
12/6/2020,14,4086,2,2455,0,60,5,3853,,,,,,50,,,,1333084,4584,1.33
12/7/2020,21,4107,0,2455,0,60,15,3868,,,,,,50,,,,1338781,5697,1.32
12/8/2020,19,4126,4,2459,0,60,6,3874,,,,,,50,,,,1346078,7297,1.31
12/9/2020,25,4151,0,2459,0,60,6,3880,,,,,,50,,,,1353756,7678,1.29
12/10/2020,18,4169,1,2460,0,60,8,3888,,,,,,50,,,,1359521,5765,1.25
12/11/2020,11,4180,0,2460,0,60,15,3903,,,,,,50,,,,1364181,4660,1.22
12/12/2020,12,4192,0,2460,0,60,12,3915,,,,,,50,,,,1368225,4044,1.21
12/13/2020,17,4209,0,2460,0,60,8,3923,,,,,,50,,,,1371963,3738,1.23
12/14/2020,28,4237,1,2461,0,60,17,3940,,,,,,50,,,,1377042,5079,1.24
12/15/2020,9,4246,0,2461,0,60,9,3949,,,,,,50,,,,1383216,6174,1.24
12/16/2020,15,4261,0,2461,0,60,28,3977,,,,,,50,,,,1389996,6780,1.28
12/17/2020,20,4281,0,2461,0,60,12,3989,,,,,,50,,,,1395381,5385,1.33
12/18/2020,16,4297,1,2462,0,60,16,4005,,,,,,50,,,,1400721,5340,1.39
12/19/2020,34,4331,12,2474,0,60,19,4024,,,,,,50,,,,1406038,5317,1.46
12/20/2020,576,4907,535,3009,0,60,17,4041,,,,,,50,,,,1413548,7510,1.5
12/21/2020,382,5289,374,3383,0,60,12,4053,,,,,,63.89,,,,1431281,17733,1.54
12/22/2020,427,5716,413,3796,0,60,25,4078,,,,,,63.89,,,,1451418,20137,1.49
12/23/2020,46,5762,39,3835,0,60,17,4095,,,,,,63.89,,,,1476623,25205,1.36
12/24/2020,67,5829,58,3893,0,60,21,4116,,,,,,63.89,,,,1501942,25319,1.28
12/25/2020,81,5910,72,3965,0,60,21,4137,,,,,,63.89,,,,1523274,21332,1.25
12/26/2020,110,6020,94,4059,0,60,15,4152,,,,,,63.89,,,,1542157,18883,1.24
12/27/2020,121,6141,112,4171,0,60,9,4161,,,,,,63.89,,,,1555616,13459,1.25
12/28/2020,144,6285,129,4300,0,60,19,4180,,,,,,63.89,,,,1576700,21084,1.26
12/29/2020,155,6440,145,4445,1,61,4,4184,,,,,,63.89,,,,1597064,20364,1.32
12/30/2020,250,6690,236,4681,0,61,28,4212,,,,,,63.89,,,,1620434,23370,1.39
12/31/2020,194,6884,181,4862,0,61,28,4240,,,,,,63.89,3376,0.68,9.12,1634168,13734,1.42
1/1/2021,279,7163,264,5126,2,63,33,4273,,,,,,63.89,,,,1643947,9779,1.46
1/2/2021,216,7379,214,5340,1,64,26,4299,,,,,,63.89,,,,1655214,11267,1.48
1/3/2021,315,7694,312,5652,0,64,38,4337,,,,,,63.89,,,,1669406,14192,1.51
1/4/2021,745,8439,729,6381,1,65,15,4352,,,,,,63.89,,,,1692753,23347,1.52
1/5/2021,527,8966,521,6902,1,66,45,4397,,,,,,63.89,,,,1724178,31425,1.44
1/6/2021,365,9331,349,7251,1,67,21,4418,,,,,,63.89,,,,1757988,33810,1.35
1/7/2021,305,9636,302,7553,1,68,103,4521,,,,,,63.89,,,,1790629,32641,1.25
1/8/2021,205,9841,189,7742,0,68,734,5255,,,,,,63.89,,,,1825933,35304,1.17
1/9/2021,212,10053,193,7935,0,68,291,5546,,,,,,63.89,,,,1853849,27916,1.12
1/10/2021,245,10298,224,8159,0,68,882,6428,,,,,,63.89,,,,1871678,17829,1.07
1/11/2021,249,10547,224,8383,0,68,138,6566,,,,,,63.89,,,,1907776,36098,1.03
1/12/2021,287,10834,278,8661,0,68,166,6732,,,,,,63.89,,,,1937004,29228,1.02
1/13/2021,157,10991,132,8793,0,68,211,6943,,,,,,63.89,,,,1964753,27749,1.01
1/14/2021,271,11262,259,9052,2,70,717,7660,,,,,,63.89,,,,1996368,31615,1.02
1/15/2021,188,11450,154,9206,0,70,628,8288,,,,,,58.33,,,,2025683,29315,1.03
1/16/2021,230,11680,209,9415,1,71,618,8906,,,,,,53.7,,,,2046859,21176,1.05
1/17/2021,374,12054,364,9779,0,71,109,9015,,,,,,53.7,,,,2060750,13891,1.07
1/18/2021,369,12423,357,10136,1,72,191,9206,,,,,,53.7,,,,2080487,19737,1.06
1/19/2021,171,12594,158,10294,0,72,150,9356,,,,,,62.04,,,,2108957,28470,1.04
1/20/2021,59,12653,51,10345,0,72,265,9621,,,,,,62.04,,,,2133908,24951,1.07
1/21/2021,142,12795,125,10470,0,72,221,9842,,,,,,62.04,,,,2158845,24937,1.12
1/22/2021,309,13104,297,10767,0,72,382,10224,,,,,,58.33,,,,2185973,27128,1.2
1/23/2021,198,13302,180,10947,1,73,224,10448,,,,,,58.33,,,,2204144,18171,1.27
1/24/2021,198,13500,191,11138,3,76,119,10567,,,,,,52.78,,,,2214326,10182,1.35
1/25/2021,187,13687,177,11315,0,76,95,10662,,,,,,52.78,,,,2231788,17462,1.46
1/26/2021,959,14646,937,12252,0,76,230,10892,,,,,,52.78,,,,2255885,24097,1.6
1/27/2021,819,15465,808,13060,1,77,162,11054,,,,,,52.78,,,,2281100,25215,1.63
1/28/2021,756,16221,746,13806,0,77,233,11287,,,,,,52.78,,,,2303939,22839,1.6
1/29/2021,802,17023,781,14587,0,77,109,11396,,,,,,52.78,,,,2324051,20112,1.55
1/30/2021,930,17953,916,15503,0,77,109,11505,,,,,,52.78,,,,2345685,21634,1.49
1/31/2021,829,18782,822,16325,0,77,110,11615,,,,,,52.78,4877.4,0.9,3.32,2360423,14738,1.4
2/1/2021,836,19618,832,17157,1,78,899,12514,,,,,,44.44,,,,2377783,17360,1.31
2/2/2021,836,20454,819,17976,1,79,703,13217,,,,,,44.44,,,,2398386,20603,1.22
2/3/2021,795,21249,783,18759,0,79,784,14001,,,,,,44.44,,,,2419612,21226,1.14
2/4/2021,809,22058,796,19555,0,79,797,14798,,,,,,40.74,,,,2440872,21260,1.05
2/5/2021,586,22644,573,20128,0,79,533,15331,,,,,,40.74,,,,2459599,18727,0.95
2/6/2021,490,23134,479,20607,0,79,943,16274,,,,,,40.74,,,,2476324,16725,0.85
2/7/2021,237,23371,225,20832,0,79,668,16942,,,,,,40.74,,,,2486146,9822,0.75
2/8/2021,186,23557,176,21008,1,80,468,17410,,,,,,40.74,,,,2499290,13144,0.68
2/9/2021,189,23746,179,21187,0,80,956,18366,,,,,,40.74,,,,2515808,16518,0.62
2/10/2021,157,23903,144,21331,0,80,548,18914,,,,,,52.78,,,,2533343,17535,0.59
2/11/2021,201,24104,185,21516,0,80,885,19799,,,,,,52.78,,,,2550623,17280,0.57
2/12/2021,175,24279,167,21683,0,80,411,20210,,,,,,52.78,,,,2564124,13501,0.55
2/13/2021,126,24405,116,21799,0,80,970,21180,,,,,,52.78,,,,2571423,7299,0.53
2/14/2021,166,24571,138,21937,0,80,931,22111,,,,,,52.78,,,,2578664,7241,0.52
2/15/2021,143,24714,132,22069,2,82,772,22883,,,,,,52.78,,,,2591343,12679,0.51
2/16/2021,72,24786,69,22138,0,82,680,23563,,,,,,52.78,,,,2608012,16669,0.51
2/17/2021,175,24961,168,22306,0,82,134,23697,,,,,,52.78,,,,2624435,16423,0.52
2/18/2021,150,25111,142,22448,0,82,249,23946,,,,,,52.78,,,,2641556,17121,0.53
2/19/2021,130,25241,116,22564,1,83,124,24070,,,,,,52.78,,,,2660476,18920,0.53
2/20/2021,82,25323,71,22635,0,83,59,24129,,,,,,52.78,,,,2670753,10277,0.53
2/21/2021,92,25415,86,22721,0,83,156,24285,,,,,,52.78,,,,2681775,11022,0.53
2/22/2021,89,25504,73,22794,0,83,76,24361,,,,,,52.78,,,,2699316,17541,0.53
2/23/2021,95,25599,93,22887,0,83,85,24446,,,,,,52.78,,,,2719943,20627,0.53
2/24/2021,93,25692,71,22958,0,83,96,24542,,,,,,52.78,,,,2743862,23919,0.54
2/25/2021,72,25764,63,23021,0,83,192,24734,,,,,,52.78,,,,2763177,19315,0.56
2/26/2021,45,25809,37,23058,0,83,218,24952,,,,,,52.78,,,,2777254,14077,0.57
2/27/2021,72,25881,63,23121,0,83,70,25022,0,0,,,,52.78,,,,2786711,9457,0.59
2/28/2021,70,25951,62,23183,0,83,106,25128,,,,,160,52.78,2905.6,0.5,-4.9,2792752,6041,0.6
3/1/2021,80,26031,64,23247,1,84,196,25324,319,319,,,160,47.22,,,,2805745,12993,0.62
3/2/2021,42,26073,39,23286,0,84,96,25420,7262,7262,,,2421,47.22,,,,2823856,18111,0.63
3/3/2021,35,26108,25,23311,1,85,63,25483,,,,,2639,47.22,,,,2841222,17366,0.67
3/4/2021,54,26162,44,23355,0,85,79,25562,,,,,2770,47.22,,,,2859798,18576,0.72
3/5/2021,79,26241,65,23420,0,85,79,25641,,,,,2858,47.22,,,,2875559,15761,0.76
3/6/2021,64,26305,54,23474,0,85,45,25686,,,,,2920,47.22,,,,2886622,11063,0.8
3/7/2021,65,26370,60,23534,0,85,58,25744,,,,,3368,47.22,,,,2894876,8254,0.83
3/8/2021,71,26441,48,23582,0,85,33,25777,,,,,3816,47.22,,,,2907321,12445,0.87
3/9/2021,60,26501,43,23625,0,85,74,25851,,,,,3295,47.22,,,,2923822,16501,0.9
3/10/2021,39,26540,34,23659,0,85,95,25946,33621,33621,,,3295,47.22,,,,2941205,17383,0.96
3/11/2021,58,26598,53,23712,0,85,54,26000,,,,,3787,47.22,,,,2956726,15521,1.03
3/12/2021,81,26679,67,23779,1,86,56,26056,,,,,4279,47.22,,,,2971770,15044,1.11
3/13/2021,78,26757,67,23846,1,87,30,26086,53842,53842,,,4772,47.22,,,,2983073,11303,1.18
3/14/2021,170,26927,156,24002,0,87,68,26154,,,,,4927,47.22,,,,2991557,8484,1.24
3/15/2021,78,27005,74,24076,0,87,80,26234,,,,,5082,47.22,,,,3008652,17095,1.26
3/16/2021,149,27154,144,24220,1,88,65,26299,,,,,5238,47.22,,,,3028793,20141,1.29
3/17/2021,246,27400,239,24459,2,90,40,26339,,,,,5393,47.22,,,,3047519,18726,1.31
3/18/2021,92,27492,78,24537,0,90,38,26377,,,,,5056,47.22,,,,3067216,19697,1.26
3/19/2021,100,27592,94,24631,0,90,73,26450,,,,,4719,47.22,,,,3085533,18317,1.23
3/20/2021,121,27713,114,24745,0,90,62,26512,,,,,4383,47.22,,,,3101735,16202,1.21
3/21/2021,90,27803,81,24826,0,90,86,26598,,,,,4383,47.22,,,,3113209,11474,1.2
3/22/2021,73,27876,66,24892,1,91,65,26663,,,,,4383,47.22,,,,3133096,19887,1.21
3/23/2021,401,28277,383,25275,1,92,103,26766,,,,,4383,47.22,,,,3153898,20802,1.24
3/24/2021,69,28346,61,25336,0,92,107,26873,102050,96188,5862,,4383,47.22,,,,3177129,23231,1.15
3/25/2021,97,28443,92,25428,0,92,73,26946,,,,,5624,47.22,,,,3195044,17915,1.1
3/26/2021,134,28577,128,25556,1,93,86,27032,,,,,6865,47.22,,,,3211834,16790,1.05
3/27/2021,80,28657,73,25629,1,94,104,27136,,,,,8106,47.22,,,,3224151,12317,1.01
3/28/2021,77,28734,58,25687,0,94,103,27239,,,,,9347,47.22,,,,3232404,8253,0.98
3/29/2021,39,28773,28,25715,0,94,74,27313,,,,,10589,47.22,,,,3249152,16748,0.98
3/30/2021,48,28821,27,25742,0,94,66,27379,180477,151413,29064,,11830,47.22,,,,3265595,16443,1
3/31/2021,42,28863,24,25766,0,94,47,27426,,,,,12930,47.22,7667,1.23,11.34,3283689,18094,1.06
4/1/2021,26,28889,21,25787,0,94,122,27548,204642,167235,37407,,12789,47.22,,,,3301845,18156,1.15
4/2/2021,58,28947,45,25832,0,94,58,27606,231882,189666,42216,,14813,47.22,,,,3318104,16259,1.28
4/3/2021,84,29031,69,25901,1,95,62,27668,244254,201864,42390,,14713,47.22,,,,3334055,15951,1.43
4/4/2021,96,29127,87,25988,0,95,106,27774,257484,213948,43536,,14736,47.22,,,,3343638,9583,1.6
4/5/2021,194,29321,182,26170,0,95,66,27840,294881,247850,47031,,18211,47.22,,,,3363564,19926,1.79
4/6/2021,250,29571,245,26415,0,95,108,27948,323989,274354,49635,,20502,47.22,,,,3387190,23626,1.95
4/7/2021,334,29905,327,26742,0,95,121,28069,391752,336808,54944,,28456,47.22,,,,3420922,33732,2.08
4/8/2021,405,30310,391,27133,0,95,32,28101,466374,405911,60463,,37390,47.22,,,,3460131,39209,2.18
4/9/2021,559,30869,549,27682,1,96,27,28128,537380,470301,67079,,43643,47.22,,,,3505230,45099,2.25
4/10/2021,789,31658,781,28463,1,97,33,28161,555396,485957,69439,,44449,47.22,,,,3549870,44640,2.28
4/11/2021,967,32625,964,29427,0,97,53,28214,570052,498791,71261,,44653,47.22,,,,3585952,36082,2.26
4/12/2021,985,33610,980,30407,0,97,34,28248,578532,505215,73317,,40522,47.22,,,,3635728,49776,2.2
4/13/2021,965,34575,956,31363,0,97,40,28288,579305,505744,73561,,36474,47.22,,,,3683948,48220,2.13
4/14/2021,1338,35913,1330,32693,0,97,34,28322,,,,,27274,47.22,,,,3729186,45238,2.08
4/15/2021,1543,37456,1540,34233,0,97,61,28383,586032,510456,75576,,17094,47.22,,,,3777207,48021,2.01
4/16/2021,1582,39038,1576,35809,3,100,97,28480,605259,523830,81429,,9697,47.22,,,,3829851,52644,1.92
4/17/2021,1547,40585,1544,37353,0,100,90,28570,608521,526706,81815,,7589,47.22,,,,3885216,55365,1.82
4/18/2021,1767,42352,1765,39118,1,101,113,28683,618583,535925,82658,,6933,56.48,,,,3941798,56582,1.74
4/19/2021,1390,43742,1386,40504,3,104,104,28787,666210,571825,94385,,12525,56.48,,,,4004358,62560,1.65
4/20/2021,1443,45185,1441,41945,4,108,171,28958,712610,604947,107663,,19044,56.48,,,,4077674,73316,1.59
4/21/2021,1458,46643,1454,43399,2,110,413,29371,864840,746617,118223,,40310,56.48,,,,4150190,72516,1.54
4/22/2021,1470,48113,1470,44869,7,117,477,29848,964825,834082,130743,,54113,56.48,,,,4221719,71529,1.51
4/23/2021,2070,50183,2062,46931,4,121,341,30189,1095445,934449,160996,,70027,56.48,,,,4291718,69999,1.49
4/24/2021,2839,53022,2827,49758,8,129,377,30566,1124153,949124,175029,,73662,56.48,,,,4351980,60262,1.46
4/25/2021,2438,55460,2433,52191,11,140,547,31113,1149666,972204,177462,,75869,56.48,,,,4412216,60236,1.41
4/26/2021,2048,57508,2037,54228,8,148,480,31593,1227032,1012388,214644,,80117,56.48,,,,4475534,63318,1.35
4/27/2021,2179,59687,2174,56402,15,163,1958,33551,1279713,1038960,240753,,81015,59.26,,,,4545983,70449,1.3
4/28/2021,2012,61699,2001,58403,15,178,851,34402,1344646,1059721,284925,,68544,59.26,,,,4615789,69806,1.25
4/29/2021,1871,63570,1864,60267,10,188,992,35394,1411614,1075756,335858,,63827,59.26,,,,4687039,71250,1.21
4/30/2021,1583,65153,1579,61846,15,203,860,36254,1477078,1095230,381848,,54519,59.26,6378.6,0.95,-2.95,4755693,68654,1.18
5/1/2021,1891,67044,1884,63730,21,224,1821,38075,1484565,1097862,386703,,51487,59.26,,,,4813639,57946,1.16
5/2/2021,1940,68984,1930,65660,21,245,1183,39258,1486907,1099460,387447,,48177,59.26,,,,4861426,47787,1.14
5/3/2021,2041,71025,2040,67700,31,276,1726,40984,1498617,1106071,392546,,38798,59.26,,,,4910984,49558,1.14
5/4/2021,1763,72788,1750,69450,27,303,1490,42474,1573075,1150564,422511,,41909,59.26,,,,4969745,58761,1.14
5/5/2021,2112,74900,2107,71557,15,318,1886,44360,1601833,1167719,434114,,36741,59.26,,,,5032032,62287,1.14
5/6/2021,1911,76811,1902,73459,18,336,2435,46795,1651782,1201258,450524,,34310,59.26,,,,5101780,69748,1.14
5/7/2021,2044,78855,2040,75499,27,363,2377,49172,1730488,1262703,467785,,36201,59.26,,,,5176646,74866,1.15
5/8/2021,2419,81274,2409,77908,19,382,2247,51419,1743720,1273666,470054,,37022,59.26,,,,5235825,59179,1.16
5/9/2021,2101,83375,2086,79994,17,399,2186,53605,1809894,1296440,513454,,46141,59.26,,,,5293274,57449,1.17
5/10/2021,1630,85005,1622,81616,22,421,1603,55208,1898454,1365992,532462,,57120,59.26,,,,5345302,52028,1.18
5/11/2021,1919,86924,1902,83518,31,452,1829,57037,1935565,1372013,563552,,51784,59.26,,,,5413490,68188,1.22
5/12/2021,1983,88907,1974,85492,34,486,2006,59043,2040363,1395130,645233,,62647,59.26,,,,5485622,72132,1.27
5/13/2021,4887,93794,4871,90363,32,518,1572,60615,2124732,1416732,708300,,67564,59.26,,,,5553360,67738,1.32
5/14/2021,2256,96050,2251,92614,30,548,1701,62316,,,,,62967,59.26,,,,5620608,67248,1.32
5/15/2021,3095,99145,3092,95706,17,565,1351,63667,,,,,67723,59.26,,,,5672896,52288,1.33
5/16/2021,2302,101447,2279,97985,24,589,2136,65803,2264308,1482702,781606,,64916,59.26,,,,5729494,56598,1.35
5/17/2021,9635,111082,9626,107611,25,614,1397,67200,2340995,1521034,819961,,63220,59.26,,,,5784096,54602,1.38
5/18/2021,2473,113555,2450,110061,35,649,2718,69918,2445645,1585773,859872,,72869,59.26,,,,5851939,67843,1.3
5/19/2021,3394,116949,3377,113438,29,678,4450,74368,2540116,1647871,892245,,71393,59.26,,,,5922480,70541,1.23
5/20/2021,2636,119585,2578,116016,25,703,2268,76636,2648256,1726431,921825,,74789,59.26,,,,5993980,71500,1.18
5/21/2021,3481,123066,3469,119485,32,735,2868,79504,2811549,1849393,962156,,91470,59.26,,,,6069846,75866,1.15
5/22/2021,3052,126118,3011,122496,24,759,2900,82404,2865091,1898332,966759,,92473,59.26,,,,6129048,59202,1.11
5/23/2021,3382,129500,3377,125873,17,776,2131,84535,2910664,1941565,969099,,92337,59.26,,,,6185239,56191,1.09
5/24/2021,2713,132213,2664,128537,30,806,1565,86100,3024313,2044123,980190,,97617,59.26,,,,6241221,55982,1.07
5/25/2021,3226,135439,3207,131744,26,832,3094,89194,3147227,2157609,989618,,100226,59.26,,,,6323511,82290,1.08
5/26/2021,2455,137894,2439,134183,41,873,2571,91765,3208882,2214721,994161,,95538,59.26,,,,6390278,66767,1.08
5/27/2021,3323,141217,3302,137485,47,920,2063,93828,3347050,2319304,1027746,,99828,59.26,,,,6464034,73756,1.08
5/28/2021,3759,144976,3741,141226,34,954,4044,97872,3504125,2415903,1088222,,98939,59.26,,,,6539075,75041,1.1
5/29/2021,4803,149779,4752,145978,34,988,4439,102311,3548330,2453807,1094523,,97606,59.26,,,,6598770,59695,1.1
5/30/2021,4528,154307,4501,150479,24,1012,2933,105244,3609882,2498929,1110953,,99888,59.26,,,,6657379,58609,1.09
5/31/2021,5485,159792,5428,155907,19,1031,3101,108345,3664859,2539491,1125368,,91507,59.26,9363.4,1.32,7.04,6713153,55774,1.06
6/1/2021,2230,162022,2209,158116,38,1069,3390,111735,3753718,2591372,1162346,,86642,59.26,,,,6786878,73725,1.02
6/2/2021,3440,165462,3425,161541,38,1107,2843,114578,,,,,92682,59.26,,,,6850233,63355,1
6/3/2021,3886,169348,3837,165378,39,1146,3626,118204,3961589,2727759,1233830,,87791,59.26,,,,6909429,59196,0.97
6/4/2021,2631,171979,2580,167958,31,1177,2493,120697,4142944,2818676,1324268,,91260,59.26,,,,6964397,54968,0.94
6/5/2021,2817,174796,2761,170719,36,1213,3396,124093,4190503,2845287,1345216,,91739,59.26,,,,7016799,52402,0.92
6/6/2021,2671,177467,2588,173307,23,1236,2424,126517,4218094,2855041,1363053,,86887,59.26,,,,7062611,45812,0.91
6/7/2021,2419,179886,2387,175694,33,1269,2999,129516,4634941,3243913,1391028,,138583,59.26,,,,7110355,47744,0.9
6/8/2021,2662,182548,2646,178340,29,1298,2483,131999,5107069,3672372,1434697,,193336,59.26,,,,7166395,56040,0.92
6/9/2021,2680,185228,2669,181009,34,1332,4253,136252,5443743,3966091,1477652,,226584,59.26,,,,7233045,66650,0.92
6/10/2021,2310,187538,2272,183281,43,1375,3035,139287,5667058,4143444,1523614,,243638,59.26,,,,7291790,58745,0.93
6/11/2021,2290,189828,2260,185541,27,1402,5711,144998,5975070,4362685,1612835,,261732,59.26,,,,7355001,63211,0.95
6/12/2021,3277,193105,3248,188789,29,1431,5273,150271,6081242,4456786,1624456,,270106,59.26,,,,7405990,50989,0.97
6/13/2021,2804,195909,2743,191532,18,1449,4143,154414,6188124,4531914,1656210,,281433,59.26,,,,7458870,52880,0.99
6/14/2021,3355,199264,3345,194877,17,1466,3530,157944,6511184,4762063,1749121,,268035,53.7,,,,7510110,51240,1.01
6/15/2021,3000,202264,2995,197872,19,1485,4774,162718,6780816,4948227,1832589,,239107,53.7,,,,7576442,66332,1.02
6/16/2021,2331,204595,2302,200174,40,1525,4947,167665,7003783,5114755,1889028,,222863,53.7,,,,7640748,64306,1.04
6/17/2021,3129,207724,3106,203280,30,1555,4651,172316,7219668,5252531,1967137,,221801,53.7,,,,7709128,68380,1.06
6/18/2021,3058,210782,3039,206319,22,1577,4094,176410,7483083,5434119,2048964,,215430,53.7,,,,7772424,63296,1.08
6/19/2021,3667,214449,3635,209954,32,1609,4948,181358,7587178,5486092,2101086,,215134,53.7,,,,7833796,61372,1.1
6/20/2021,3682,218131,3642,213596,20,1629,2401,183759,7679057,5526039,2153018,,212990,53.7,,,,7880413,46617,1.11
6/21/2021,3175,221306,3130,216726,29,1658,2030,185789,7906696,5678848,2227848,,199359,53.7,,,,7933992,53579,1.13
6/22/2021,4059,225365,4038,220764,35,1693,2047,187836,8148335,5844521,2303814,,195360,53.7,,,,8009568,75576,1.15
6/23/2021,3174,228539,3148,223912,51,1744,1941,189777,8400320,6017424,2382896,,199505,53.7,,,,8083765,74197,1.16
6/24/2021,4108,232647,4094,228006,31,1775,1578,191355,8657423,6206353,2451070,,205394,53.7,,,,8157476,73711,1.17
6/25/2021,3644,236291,3613,231619,44,1819,1751,193106,8981478,6435308,2546170,,214056,53.7,,,,8237444,79968,1.18
6/26/2021,4160,240451,4141,235760,51,1870,3569,196675,9055141,6475826,2579315,,209709,53.7,,,,8303301,65857,1.2
6/27/2021,3996,244447,3961,239721,42,1912,2253,198928,9147513,6537852,2609661,,209779,53.7,,,,8360486,57185,1.22
6/28/2021,5406,249853,5388,245109,22,1934,3343,202271,9416972,6721038,2695394,,215754,53.7,,,,8421275,60789,1.24
6/29/2021,4662,254515,4634,249743,36,1970,2793,205064,9672706,6910169,2762537,,217767,53.7,,,,8496255,74980,1.25
6/30/2021,4786,259301,4777,254520,53,2023,2415,207479,9927698,7110854,2816844,,218197,53.7,13920.4,1.85,11.7,8566545,70290,1.26
7/1/2021,5533,264834,5521,260041,57,2080,3223,210702,10227183,7364585,2862598,,224251,53.7,,,,8635705,69160,1.27
7/2/2021,6087,270921,6076,266117,61,2141,3638,214340,10572292,7640118,2932174,,227259,53.7,,,,8696438,60733,1.28
7/3/2021,6230,277151,6226,272343,41,2182,3159,217499,10670897,7721150,2949747,,230822,53.7,,,,8749475,53037,1.28
7/4/2021,5916,283067,5910,278253,44,2226,3404,220903,10777748,7804654,2973094,,232891,53.7,,,,8804055,54580,1.28
7/5/2021,6166,289233,6154,284407,50,2276,2534,223437,11058390,8022029,3036361,,234488,53.7,,,,8856072,52017,1.28
7/6/2021,5420,294653,5412,289819,57,2333,3586,227023,11328043,8245297,3082746,,236477,53.7,,,,8926123,70051,1.29
7/7/2021,6519,301172,6503,296322,54,2387,4148,231171,11619618,8494230,3125388,,241703,53.7,,,,8988818,62695,1.3
7/8/2021,7058,308230,7049,303371,75,2462,4978,236149,11975996,8800155,3175841,,249830,53.7,,,,9055414,66596,1.32
7/9/2021,9276,317506,9253,312624,72,2534,3928,240077,12375904,9130526,3245378,,257659,53.7,,,,9121681,66267,1.33
7/10/2021,9326,326832,9307,321931,91,2625,3841,243918,12469188,9213598,3255590,,256899,53.7,,,,9196587,74906,1.33
7/11/2021,9539,336371,9521,331452,86,2711,4053,247971,12569213,9301407,3267806,,255924,53.7,,,,9274435,77848,1.32
7/12/2021,8656,345027,8632,340084,80,2791,3687,251658,12908193,9598949,3309244,,264258,57.41,,,,9331210,56775,1.31
7/13/2021,8685,353712,8673,348757,56,2847,3797,255455,13230681,9888124,3342557,,271805,57.41,,,,9402008,70798,1.3
7/14/2021,9317,363029,9309,358066,87,2934,5129,260584,13533717,10163340,3370377,,273443,57.41,,,,9467844,65836,1.29
7/15/2021,9186,372215,9164,367230,98,3032,5543,266127,13823355,10424355,3398430,,263908,57.41,,,,9538247,70403,1.28
7/16/2021,9692,381907,9677,376907,67,3099,5730,271857,14130489,10697489,3432911,,250655,57.41,,,,9611507,73260,1.28
7/17/2021,10082,391989,10040,386947,141,3240,6327,278184,14223762,10780762,3443330,,250653,57.41,,,,9679891,68384,1.28
7/18/2021,11397,403386,11388,398335,101,3341,5726,283910,14298596,10850099,3448497,,247055,57.41,,,,9748217,68326,1.29
7/19/2021,11784,415170,11774,410109,81,3422,5741,289651,14547244,11067518,3479726,,234150,57.41,,,,9812739,64522,1.29
7/20/2021,11305,426475,11291,421400,80,3502,6557,296208,14805120,11292579,3512541,,224920,57.41,,,,9881142,68403,1.29
7/21/2021,13002,439477,12971,434371,108,3610,8248,304456,15084696,11538866,3545830,,221568,57.41,,,,9963467,82325,1.29
7/22/2021,13655,453132,13644,448015,87,3697,7921,312377,15388939,11805180,3583759,,223655,57.41,,,,10026313,62846,1.29
7/23/2021,14575,467707,14562,462577,114,3811,7775,320152,15741818,12109424,3632394,,230190,61.11,,,,10085164,58851,1.29
7/24/2021,14260,481967,14248,476825,119,3930,7637,327789,15869844,12226845,3642999,,235155,61.11,,,,10152447,67283,1.28
7/25/2021,15335,497302,15316,492141,129,4059,6904,334693,15960778,12307788,3652990,,237455,66.67,,,,10209427,56980,1.28
7/26/2021,15376,512678,15362,507503,87,4146,6782,341475,16099670,12429925,3669745,,221775,69.44,,,,10262449,53022,1.27
7/27/2021,14150,526828,14111,521614,118,4264,9168,350643,16427059,12714312,3712747,,231706,69.44,,,,10321463,59014,1.26
7/28/2021,16533,543361,16523,538137,133,4397,10051,360694,16591329,12858570,3732759,,215233,72.22,,,,10385288,63825,1.26
7/29/2021,17669,561030,17652,555789,165,4562,9798,370492,17011477,13225233,3786244,,231791,72.22,,,,10455920,70632,1.25
7/30/2021,17345,578375,17337,573126,117,4679,10678,381170,17491632,13640179,3851453,,249973,72.22,,,,10525937,70017,1.24
7/31/2021,18912,597287,18902,592028,178,4857,10750,391920,17685974,13802916,3883058,,259447,72.22,21649,2.73,18.75,10584978,59041,1.23
8/1/2021,18027,615314,18025,610053,133,4990,13402,405322,17866526,13955087,3911439,,272250,72.22,,,,10638127,53149,1.22
8/2/2021,17970,633284,17959,628012,178,5168,13919,419241,18198825,14207477,3991348,,299879,72.22,,,,10695525,57398,1.21
8/3/2021,18901,652185,18894,646906,147,5315,18590,437831,18578096,14492385,4085711,,307291,72.22,,,,10770006,74481,1.21
8/4/2021,20200,672385,20179,667085,188,5503,17975,455806,18961703,14783001,4178702,,338625,72.22,,,,10838641,68635,1.2
8/5/2021,20920,693305,20912,687997,160,5663,17926,473732,19632537,15180276,4277071,175190,374437,72.22,,,,10898852,60211,1.18
8/6/2021,21379,714684,21369,709366,191,5854,22172,495904,20280108,15687291,4406723,186094,398354,72.22,,,,10945969,47117,1.17
8/7/2021,21838,736522,21834,731200,212,6066,21108,517012,20478635,15843283,4438168,197184,398952,72.22,,,,10996810,50841,1.15
8/8/2021,19983,756505,19977,751177,138,6204,18503,535515,20669780,15986354,4461861,221565,400465,72.22,,,,11050558,53748,1.14
8/9/2021,19603,776108,19591,770768,149,6353,19819,555334,21171110,16336743,4566345,268022,424612,72.22,,,,11107444,56886,1.13
8/10/2021,19843,795951,19822,790590,235,6588,22806,578140,21717954,16701428,4692030,324496,448551,72.22,,,,11175907,68463,1.12
8/11/2021,21038,816989,21019,811609,207,6795,22012,600152,22288819,17068105,4826641,394073,475302,72.22,,,,11242758,66851,1.11
8/12/2021,22782,839771,22774,834383,147,6942,23649,623801,22508659,17239593,4855000,414066,410875,72.22,,,,11300111,57353,1.1
8/13/2021,23418,863189,23409,857792,184,7126,20083,643884,23192491,17696114,5033568,462809,416055,72.22,,,,11352174,52063,1.09
8/14/2021,22086,885275,22083,879875,217,7343,23672,667556,,,,,416246,72.22,,,,11410645,58471,1.07
8/15/2021,21882,907157,21876,901751,209,7552,21106,688662,23592227,17996826,5109476,485925,417492,72.22,,,,11461436,50791,1.05
8/16/2021,21157,928314,21151,922902,182,7734,20984,709646,24100631,18370997,5228157,501477,418503,72.22,,,,11515738,54302,1.04
8/17/2021,20128,948442,20118,943020,239,7973,20791,730437,24618749,18726405,5381676,510668,414399,72.22,,,,11579691,63953,1.03
8/18/2021,20515,968957,20498,963518,312,8285,22682,753119,25167060,19143574,5503882,519604,411177,75.93,,,,11648623,68932,1.01
8/19/2021,20902,989859,20878,984396,301,8586,22208,775327,25818666,19586009,5705200,527457,472858,75.93,,,,11709470,60847,0.99
8/20/2021,19851,1009710,19841,1004237,240,8826,20478,795805,26428101,19973692,5920614,533795,462230,75.93,,,,11784389,74919,0.98
8/21/2021,20571,1030281,20557,1024794,261,9087,23159,818964,26832179,20272171,6017820,542188,491403,75.93,,,,11830518,46129,0.97
8/22/2021,19014,1049295,19004,1043798,233,9320,20672,839636,27038999,20430028,6065003,543968,492396,75.93,,,,11872658,42140,0.96
8/23/2021,17491,1066786,17484,1061282,242,9562,22134,861770,27612445,20830673,6230511,551261,501688,75.93,,,,11927114,54456,0.95
8/24/2021,17165,1083951,17162,1078444,226,9788,20059,881829,28197659,21231498,6405537,560624,511273,75.93,,,,11991398,64284,0.94
8/25/2021,18417,1102368,18407,1096851,297,10085,21186,903015,28835580,21669955,6596785,568840,524074,75.93,,,,12053558,62160,0.93
8/26/2021,18501,1120869,18489,1115340,229,10314,20606,923621,29504769,22070573,6860084,574112,526586,75.93,,,,12113266,59708,0.93
8/27/2021,18702,1139571,18693,1134033,273,10587,20163,943784,30420507,22617701,7221368,581438,570344,75.93,,,,12163654,50388,0.92
8/28/2021,17984,1157555,17977,1152010,292,10879,20535,964319,30679289,22807078,7287885,584326,549587,75.93,,,,12206117,42463,0.91
8/29/2021,16536,1174091,16528,1168538,264,11143,20927,985246,30954477,23018371,7350348,585758,559354,75.93,,,,12238037,31920,0.9
8/30/2021,15972,1190063,15961,1184499,256,11399,17281,1002527,31771819,23401465,7780973,589381,594196,75.93,,,,12289207,51170,0.9
8/31/2021,14666,1204729,14659,1199158,190,11589,19245,1021772,,,,,569750,55.09,36663.4,4.4,35.65,12354661,65454,0.9
9/1/2021,14802,1219531,14797,1213955,252,11841,18996,1040768,32600001,23795098,8212750,592153,537774,55.09,,,,12405533,50872,0.89
9/2/2021,14956,1234487,14939,1228894,262,12103,17936,1058704,33427463,24147532,8684695,595236,560385,55.09,,,,12453525,47992,0.89
9/3/2021,14653,1249140,14651,1243545,271,12374,18262,1076966,34292537,24542140,9152799,597598,553147,55.09,,,,12503123,49598,0.89
9/4/2021,15942,1265082,15936,1259481,257,12631,20351,1097317,35218164,24918054,9698842,601268,648411,55.09,,,,12543130,40007,0.9
9/5/2021,15452,1280534,15424,1274905,224,12855,18257,1115574,35587676,25104942,9879371,603363,661886,55.09,,,,12579496,36366,0.9
9/6/2021,13988,1294522,13971,1288876,187,13042,17284,1132858,35912894,25234259,10074612,604023,591582,55.09,,,,12630795,51299,0.91
9/7/2021,13821,1308343,13815,1302691,241,13283,16737,1149595,36635271,25554456,10475325,605490,635623,55.09,,,,12686108,55313,0.91
9/8/2021,14176,1322519,14160,1316851,228,13511,16769,1166364,37461284,25954106,10900001,607177,694469,55.09,,,,12748361,62253,0.92
9/9/2021,16031,1338550,16022,1332873,220,13731,15417,1181781,38174738,26292211,11272593,609934,678182,55.09,,,,12799791,51430,0.92
9/10/2021,14403,1352953,14386,1347259,189,13920,15610,1197391,38873359,26631261,11630996,611102,654403,55.09,,,,12853416,53625,0.92
9/11/2021,15191,1368144,15185,1362444,253,14173,18721,1216112,39631862,26954546,12063643,613673,630528,55.09,,,,12894770,41354,0.92
9/12/2021,14029,1382173,14025,1376469,180,14353,15742,1231854,40060467,27194487,12251011,614969,638970,55.09,,,,12932628,37858,0.92
9/13/2021,12583,1394756,12572,1389041,132,14485,16304,1248158,40276356,27303700,12357581,615075,623352,55.09,,,,12987115,54487,0.92
9/14/2021,11786,1406542,11781,1400822,136,14621,14738,1262896,40953025,27540743,12795707,616575,616822,55.09,,,,13049478,62363,0.92
9/15/2021,13798,1420340,13776,1414598,144,14765,14133,1277029,41647101,27769095,13260456,617550,597974,55.09,,,,13109330,59852,0.92
9/16/2021,13897,1434237,13888,1428486,188,14953,13527,1290556,42477514,28085202,13773184,619128,614682,55.09,,,,13169334,60004,0.92
9/17/2021,14555,1448792,14546,1443032,171,15124,13691,1304247,43342103,28436015,14285995,620093,638392,55.09,,,,13221709,52375,0.92
9/18/2021,14109,1462901,14103,1457135,122,15246,13280,1317527,43889427,28611321,14657681,620425,608224,55.09,,,,13258565,36856,0.92
9/19/2021,13576,1476477,13563,1470698,117,15363,12492,1330019,44485657,28893133,14971317,621207,632170,55.09,,,,13295935,37370,0.92
9/20/2021,12709,1489186,12698,1483396,106,15469,11125,1341144,44742049,29002572,15118015,621462,637956,55.09,,,,13343668,47733,0.92
9/21/2021,10919,1500105,10912,1494308,143,15612,11694,1352838,45211101,29201077,15388071,621953,608297,55.09,,,,13398026,54358,0.91
9/22/2021,11252,1511357,11235,1505543,141,15753,13695,1366533,46023016,29501110,15899158,622748,625131,55.09,,,,13450228,52202,0.91
9/23/2021,13256,1524613,13241,1518784,131,15884,13829,1380362,,,,,615274,55.09,,,,13499515,49287,0.91
9/24/2021,12697,1537310,12686,1531470,132,16016,13540,1393902,,,,,600535,55.09,,,,13538266,38751,0.91
9/25/2021,11975,1549285,11956,1543426,127,16143,14700,1408602,,,,,631120,55.09,,,,13567662,29396,0.91
9/26/2021,12353,1561638,12341,1555767,125,16268,14305,1422907,,,,,654718,55.09,,,,13599122,31460,0.91
9/27/2021,10288,1571926,10276,1566043,101,16369,12494,1435401,,,,,726865,55.09,,,,13646092,46970,0.91
9/28/2021,9489,1581415,9479,1575522,129,16498,12805,1448206,,,,,768631,55.09,,,,13683728,37636,0.91
9/29/2021,10414,1591829,10404,1585926,122,16620,11580,1459786,,,,,761417,55.09,,,,13740110,56382,0.91
9/30/2021,11645,1603474,11627,1597553,107,16727,10887,1470673,,,,,761417,55.09,44292,5.07,18.84,13790676,50566,0.91
10/1/2021,11754,1615228,11743,1609296,123,16850,12473,1483146,,,,,761417,55.09,,,,13837244,46568,0.92
10/2/2021,11376,1626604,11359,1620655,87,16937,13127,1496273,,,,,761417,55.09,,,,13871537,34293,0.92
10/3/2021,10828,1637432,10814,1631469,77,17014,11894,1508167,,,,,761417,55.09,,,,13906956,35419,0.92
10/4/2021,9930,1647362,9923,1641392,97,17111,12336,1520503,,,,,761417,55.09,,,,13956384,49428,0.93
10/5/2021,9869,1657231,9852,1651244,92,17203,11152,1531655,55921443,33243525,21162251,1515667,761417,55.09,,,,14013250,56866,0.93
10/6/2021,9866,1667097,9850,1661094,102,17305,10115,1541770,56656247,33505887,21595916,1554444,757616,55.09,,,,14060146,46896,0.93
10/7/2021,11200,1678297,11180,1672274,113,17418,10087,1551857,57387052,33774684,22005722,1606646,753242,55.09,,,,14112849,52703,0.94
10/8/2021,11140,1689437,11124,1683398,116,17534,9933,1561790,58298700,34188488,22460213,1649999,774704,55.09,,,,14162482,49633,0.94
10/9/2021,10630,1700067,10621,1694019,73,17607,10542,1572332,59308772,34668552,22949256,1690964,810226,55.09,,,,14201188,38706,0.94
10/10/2021,10817,1710884,10754,1704773,84,17691,9981,1582313,59539624,34782627,23055555,1701442,734431,55.09,,,,14238942,37754,0.95
10/11/2021,10035,1720919,9996,1714769,60,17751,10590,1592903,60228105,35093892,23400992,1733221,724011,55.09,,,,14291323,52381,0.95
10/12/2021,9445,1730364,9432,1724201,84,17835,11452,1604355,61033251,35462170,23796497,1774584,730258,55.09,,,,14353278,61955,0.95
10/13/2021,10064,1740428,10055,1734256,82,17917,10988,1615343,61995809,35895984,24282686,1817139,762795,55.09,,,,14402214,48936,0.96
10/14/2021,11276,1751704,11224,1745480,112,18029,10407,1625750,62579803,36239806,24502527,1837470,741822,55.09,,,,14454076,51862,0.96
10/15/2021,10486,1762190,10444,1755924,94,18123,10711,1636461,63614352,36721779,25012380,1880193,759379,55.09,,,,14508532,54456,0.96
10/16/2021,10648,1772838,10634,1766558,82,18205,10794,1647255,64139022,36955020,25287543,1896459,690036,55.09,,,,14552092,43560,0.96
10/17/2021,10863,1783701,10856,1777414,68,18273,10383,1657638,65202741,37446713,25825201,1930827,809017,55.09,,,,14588301,36209,0.95
10/18/2021,10111,1793812,10087,1787501,63,18336,10612,1668250,65677794,37684728,26042573,1950493,778527,55.09,,,,14639524,51223,0.95
10/19/2021,9122,1802934,9115,1796616,71,18407,10731,1678981,66592321,38137096,26474522,1980703,794153,60.65,,,,14703455,63931,0.95
10/20/2021,8918,1811852,8900,1805516,79,18486,10878,1689859,67587102,38611193,26959785,2016124,798756,60.65,,,,14758665,55210,0.94
10/21/2021,9727,1821579,9701,1815217,73,18559,10075,1699934,68503058,39039849,27405800,2057409,846179,60.65,,,,14809652,50987,0.93
10/22/2021,9809,1831388,9799,1825016,66,18625,10513,1710447,69217162,39358277,27774180,2084705,800401,60.65,,,,14851720,42068,0.93
10/23/2021,9743,1841131,9738,1834754,74,18699,10182,1720629,69923540,39708520,28106044,2108976,826360,60.65,,,,14881004,29284,0.93
10/24/2021,9351,1850482,9345,1844099,56,18755,10098,1730727,70279624,39881034,28276165,2122425,725269,60.65,,,,14914688,33684,0.93
10/25/2021,8675,1859157,8664,1852763,44,18799,9589,1740316,70505802,39999692,28372531,2133579,689715,60.65,,,,14966077,51389,0.93
10/26/2021,7706,1866863,7696,1860459,66,18865,9532,1749848,71237520,40346281,28713904,2177335,663600,60.65,,,,15025552,59475,0.93
10/27/2021,8452,1875315,8445,1868904,57,18922,8449,1758297,72049529,40717544,29115651,2216334,637490,60.65,,,,15076451,50899,0.93
10/28/2021,9658,1884973,9647,1878551,84,19006,8526,1766823,72812483,41075152,29469487,2267844,615632,60.65,,,,15128163,51712,0.93
10/29/2021,8968,1893941,8942,1887493,64,19070,8747,1775570,73692039,41495703,29881984,2314352,639268,60.65,,,,15177471,49308,0.93
10/30/2021,9224,1903165,9217,1896710,88,19158,8305,1783875,74694431,41924824,30409329,2360278,681556,60.65,,,,15211276,33805,0.93
10/31/2021,8859,1912024,8846,1905556,47,19205,8253,1792128,75389558,42247135,30743399,2399024,729991,60.65,46943,5.11,6.05,15246989,35713,0.92
11/1/2021,8165,1920189,8156,1913712,55,19260,9574,1801702,75710277,42388465,30911219,2410593,743496,60.65,,,,15297377,50388,0.92
11/2/2021,7574,1927763,7564,1921276,78,19338,8279,1809981,76226116,42548483,31244587,2433046,712657,55.09,,,,15358438,61061,0.92
11/3/2021,7679,1935442,7672,1928948,56,19394,8482,1818463,77014092,42815600,31730365,2468127,709223,55.09,,,,15410517,52079,0.91
11/4/2021,7980,1943422,7970,1936918,68,19462,8029,1826492,77831474,43112788,32223467,2495219,716999,55.09,,,,15458956,48439,0.91
11/5/2021,8150,1951572,8135,1945053,80,19542,8238,1834730,78656124,43403391,32726021,2526712,709155,55.09,,,,15508653,49697,0.91
11/6/2021,8467,1960039,8454,1953507,69,19611,8288,1843018,79517972,43694336,33263737,2559899,689077,55.09,,,,15541378,32725,0.91
11/7/2021,7960,1967999,7949,1961456,53,19664,6950,1849968,80221553,43914118,33719280,2588155,690285,55.09,,,,15572948,31570,0.91
11/8/2021,7592,1975591,7582,1969038,39,19703,7495,1857463,80499612,43990610,33912537,2596465,684191,55.09,,,,15625082,52134,0.91
11/9/2021,6904,1982495,6882,1975920,61,19764,8024,1865487,80968807,44116509,34240355,2611943,677527,55.09,,,,15683475,58393,0.91
11/10/2021,6978,1989473,6970,1982890,62,19826,7697,1873184,81761062,44355673,34760830,2644559,678139,55.09,,,,15732455,48980,0.9
11/11/2021,7496,1996969,7484,1990374,57,19883,7452,1880636,82532531,44579576,35277108,2675847,671580,55.09,,,,15772253,39798,0.9
11/12/2021,7305,2004274,7294,1997668,51,19934,7900,1888536,83320621,44809613,35800674,2710334,666357,55.09,,,,15818519,46266,0.9
11/13/2021,7057,2011331,7042,2004710,55,19989,7393,1895929,84094565,45069302,36281904,2743359,653799,55.09,,,,15853348,34829,0.9
11/14/2021,7079,2018410,7070,2011780,47,20036,6917,1902846,84467731,45204553,36504141,2759037,606597,55.09,,,,15883120,29772,0.9
11/15/2021,6343,2024753,6331,2018111,45,20081,7663,1910509,85012905,45374194,36855732,2782979,644756,55.09,,,,15934140,51020,0.9
11/16/2021,5947,2030700,5936,2024047,62,20143,7943,1918452,85412126,45488767,37114546,2808813,634760,55.09,,,,15987455,53315,0.9
11/17/2021,6524,2037224,6512,2030559,56,20199,7191,1925643,86071507,45700036,37527295,2844176,615778,55.09,,,,16037330,49875,0.9
11/18/2021,6901,2044125,6885,2037444,55,20254,7556,1933199,86890826,46005152,37939622,2946052,622614,55.09,,,,16085783,48453,0.9
11/19/2021,6855,2050980,6843,2044287,51,20305,7655,1940854,,,,,612895,55.09,,,,16131752,45969,0.9
11/20/2021,6595,2057575,6577,2050864,53,20358,8478,1949332,88330952,46473004,38836504,3021444,605198,55.09,,,,16163876,32124,0.9
11/21/2021,7006,2064581,6998,2057862,29,20387,7591,1956923,88803596,46646938,39101640,3055018,619409,55.09,,,,16192793,28917,0.91
11/22/2021,6428,2071009,6418,2064280,49,20436,7882,1964805,88989235,46718014,39202716,3068505,568047,55.09,,,,16238737,45944,0.91
11/23/2021,5126,2076135,5118,2069398,53,20489,7748,1972553,89336791,46836876,39403769,3096146,560666,55.09,,,,16292163,53426,0.9
11/24/2021,5857,2081992,5846,2075244,55,20544,7318,1979871,89894183,47034024,39724270,3135889,546097,55.09,,,,16340908,48745,0.89
11/25/2021,6335,2088327,6328,2081572,37,20581,7218,1987089,90468955,47233526,40056072,3179357,511161,55.09,,,,16379523,38615,0.89
11/26/2021,6559,2094886,6520,2088092,64,20645,6875,1993964,90735069,47331644,40202745,3200680,446311,55.09,,,,16425163,45640,0.89
11/27/2021,6073,2100959,6016,2094108,32,20677,6538,2000502,91658056,47650767,40737473,3269816,475301,55.09,,,,16457168,32005,0.88
11/28/2021,5854,2106813,5847,2099955,30,20707,6354,2006856,92125296,47847646,40963885,3313765,474529,55.09,,,,16484734,27566,0.87
11/29/2021,4753,2111566,4741,2104696,27,20734,6165,2013021,92360417,47963180,41053644,3343593,481597,55.09,,,,16531234,46500,0.86
11/30/2021,4306,2115872,4298,2108994,37,20771,6407,2019428,,,,,590665,40.28,54362.4,5.67,17.89,16579381,48147,0.86
12/1/2021,4886,2120758,4880,2113874,43,20814,6326,2025754,94582481,48840982,42131710,3609789,669757,40.28,,,,16626587,47206,0.85
12/2/2021,4971,2125729,4960,2118834,33,20847,5402,2031156,95106168,49048099,42370898,3687171,662459,40.28,,,,16666081,39494,0.85
12/3/2021,4912,2130641,4899,2123733,33,20880,5844,2037000,95727204,49298481,42649918,3778805,713162,40.28,,,,16707362,41281,0.85
12/4/2021,5896,2136537,5884,2129617,37,20917,5666,2042666,95880526,49368171,42700253,3812102,603210,40.28,,,,16719176,11814,0.85
12/5/2021,4704,2141241,4696,2134313,27,20944,6149,2048815,96066632,49473972,42733111,3859549,563048,40.28,,,,16745227,26051,0.84
12/6/2021,4000,2145241,3993,2138306,22,20966,6450,2055265,96155518,49508737,42766958,3879823,542157,40.28,,,,16773866,28639,0.83
12/7/2021,3525,2148766,3515,2141821,31,20997,6109,2061374,96594138,49664130,42966853,3963155,446098,40.28,,,,16821484,47618,0.82
12/8/2021,3618,2152384,3602,2145423,38,21035,5775,2067149,97018673,49813716,43142155,4062802,348027,40.28,,,,16866009,44525,0.82
12/9/2021,4203,2156587,4185,2149608,49,21084,7939,2075088,97522113,49980567,43381279,4160267,345135,40.28,,,,16908990,42981,0.82
12/10/2021,4193,2160780,4164,2153772,28,21112,7863,2082951,97883818,50088788,43556579,4238451,308088,40.28,,,,16947594,38604,0.82
12/11/2021,4079,2164859,4063,2157835,39,21151,7302,2090253,97980080,50107715,43592798,4279567,299936,40.28,,,,16973386,25792,0.82
12/12/2021,3787,2168646,3763,2161598,20,21171,5606,2095859,98048414,50120675,43622643,4305096,283112,40.28,,,,17000167,26781,0.82
12/13/2021,3398,2172044,3378,2164976,23,21194,5467,2101326,98447784,50234523,43814721,4398540,327467,40.28,,,,17046391,46224,0.82
12/14/2021,2862,2174906,2843,2167819,37,21231,4818,2106144,98823800,50337400,43972293,4514107,318523,40.28,,,,17091094,44703,0.82
12/15/2021,3370,2178276,3350,2171169,29,21260,4557,2110701,99252063,50441125,44152623,4658315,319056,46.3,,,,17136447,45353,0.82
12/16/2021,3684,2181960,3663,2174832,26,21286,4531,2115232,99687596,50544648,44319753,4823195,309355,46.3,,,,17172857,36410,0.82
12/17/2021,3537,2185497,3520,2178352,41,21327,5459,2120691,100289677,50676622,44546442,5066613,343694,46.3,,,,17214251,41394,0.82
12/18/2021,3132,2188629,3102,2181454,28,21355,3278,2123969,100468444,50700053,44601352,5167039,355481,46.3,,,,17238644,24393,0.82
12/19/2021,2899,2191528,2845,2184299,22,21377,4389,2128358,100557955,50712220,44628743,5216992,358506,46.3,,,,17264726,26082,0.83
12/20/2021,2525,2194053,2483,2186782,31,21408,4190,2132548,100984499,50793694,44779616,5411189,362388,46.3,,,,17310969,46243,0.83
12/21/2021,2476,2196529,2446,2189228,32,21440,3649,2136197,101437383,50872393,44931528,5633462,373369,46.3,,,,17351952,40983,0.84
12/22/2021,2532,2199061,2491,2191719,31,21471,3191,2139388,101941875,50957652,45109171,5875052,384259,46.3,,,,17394465,42513,0.85
12/23/2021,2940,2202001,2883,2194602,30,21501,2798,2142186,102484917,51040374,45302478,6142065,399617,46.3,,,,17434988,40523,0.86
12/24/2021,2671,2204672,2616,2197218,27,21528,2766,2144952,103134583,51137962,45552103,6444518,406415,46.3,,,,17477543,42555,0.88
12/25/2021,2766,2207438,2703,2199921,30,21558,3805,2148757,103277215,51150523,45599286,6527406,401253,46.3,,,,17503175,25632,0.9
12/26/2021,2532,2209970,2472,2202393,22,21580,3771,2152528,103367460,51159316,45626775,6581369,401358,46.3,,,,17528758,25583,0.92
12/27/2021,2437,2212407,2345,2204738,18,21598,3845,2156373,103878623,51229665,45840911,6808047,413446,46.3,,,,17570098,41340,0.95
12/28/2021,2305,2214712,2210,2206948,32,21630,3070,2159443,104384337,51298981,46035483,7049873,420993,46.3,,,,17615538,45440,0.98
12/29/2021,2575,2217287,2459,2209407,17,21647,2695,2162138,104846522,51366425,46209589,7270508,414950,46.3,,,,17657382,41844,1.01
12/30/2021,3037,2220324,2925,2212332,25,21672,3115,2165253,105145361,51407664,46317067,7420630,380063,46.3,,,,17701705,44323,1.05
12/31/2021,3111,2223435,2999,2215331,26,21698,3241,2168494,105160269,51410504,46319204,7430561,289384,46.3,63120,6.3,20.68,17729894,28189,1.09
1/1/2022,3011,2226446,2869,2218200,10,21708,3315,2171809,105170510,51411912,46320706,7437892,270471,46.3,,,,17754567,24673,1.13
1/2/2022,3112,2229558,2963,2221163,12,21720,2921,2174730,105185081,51413767,46322320,7448994,259660,46.3,,,,17782453,27886,1.18
1/3/2022,2927,2232485,2759,2223922,18,21738,2903,2177633,105213013,51416795,46330079,7466139,190627,50.93,,,,17819091,36638,1.24
1/4/2022,3091,2235576,2965,2226887,12,21750,2688,2180321,105501697,51445669,46445563,7610465,159623,50.93,,,,17881368,62277,1.3
1/5/2022,3899,2239475,3730,2230617,19,21769,2508,2182829,105935000,51486525,46608783,7839692,155497,50.93,,,,17951532,70164,1.36
1/6/2022,5775,2245250,5560,2236177,11,21780,2673,2185502,106474266,51536177,46782157,8155932,189844,50.93,,,,18023862,72330,1.43
1/7/2022,7526,2252776,7178,2243355,19,21799,2895,2188397,107184723,51599728,46981568,8603427,289208,50.93,,,,18097624,73762,1.49
1/8/2022,8263,2261039,7912,2251267,14,21813,2865,2191262,107345848,51609819,47007723,8728306,310763,50.93,,,,18151557,53933,1.51
1/9/2022,8511,2269550,8161,2259428,12,21825,2605,2193867,107455519,51616647,47021789,8817083,324348,50.93,,,,18199626,48069,1.51
1/10/2022,7926,2277476,7514,2266942,13,21838,3612,2197479,107978454,51663833,47155401,9159220,395063,50.93,,,,18267509,67883,1.49
1/11/2022,7133,2284609,6722,2273664,12,21850,3306,2200785,108524424,51712399,47266331,9545694,431818,48.15,,,,18344811,77302,1.46
1/12/2022,7681,2292290,7404,2281068,19,21869,3350,2204135,109094520,51763547,47386259,9944714,451360,48.15,,,,18414126,69315,1.44
1/13/2022,8167,2300457,7928,2288996,14,21883,3845,2207980,109685368,51812348,47511309,10361711,458729,48.15,,,,18481797,67671,1.36
1/14/2022,8158,2308615,7916,2296912,15,21898,3942,2211922,110455329,51877264,47684571,10893494,467229,48.15,,,,18546511,64714,1.29
1/15/2022,7793,2316408,7523,2304435,18,21916,5202,2217124,110657929,51890373,47703765,11063791,473154,48.15,,,,18593564,47053,1.24
1/16/2022,8077,2324485,7795,2312230,9,21925,4887,2222011,110761456,51897072,47714407,11149977,472277,46.3,,,,18635724,42160,1.19
1/17/2022,6929,2331414,6720,2318950,13,21938,5255,2227266,111219969,51938259,47807581,11474129,463074,46.3,,,,18696426,60702,1.16
1/18/2022,6397,2337811,6232,2325182,18,21956,6637,2233903,111722635,51980924,47903220,11838491,456887,50,,,,18762494,66068,1.14
1/19/2022,7122,2344933,6950,2332132,12,21968,7460,2241363,112251623,52024526,48003815,12223282,451015,50,,,,18822718,60224,1.12
1/20/2022,8129,2353062,7915,2340047,19,21987,6978,2248341,112825360,52068317,48105963,12651080,448570,48.15,,,,18879662,56944,1.1
1/21/2022,8640,2361702,8445,2348492,13,22000,8641,2256982,113540477,52122847,48241147,13176483,440735,48.15,,,,18936137,56475,1.09
1/22/2022,8112,2369814,7935,2356427,19,22019,7582,2264564,113720612,52133848,48255102,13331662,437526,48.15,,,,18974197,38060,1.08
1/23/2022,7686,2377500,7500,2363927,13,22032,7445,2272009,113830224,52140913,48262542,13426769,438395,48.15,,,,19010488,36291,1.08
1/24/2022,7139,2384639,6944,2370871,13,22045,8100,2280109,114271003,52175266,48331454,13764283,435862,48.15,,,,19065012,54524,1.08
1/25/2022,6718,2391357,6566,2377437,12,22057,7659,2287768,114713746,52217579,48401933,14094234,427302,48.15,,,,19124729,59717,1.08
1/26/2022,7587,2398944,7431,2384868,19,22076,7801,2295569,115151210,52258440,48466597,14426173,414227,48.15,,,,19178206,53477,1.08
1/27/2022,8078,2407022,7853,2392721,22,22098,6595,2302164,115638778,52298896,48545939,14793943,401917,48.15,,,,19231092,52886,1.08
1/28/2022,8450,2415472,8239,2400960,28,22126,7484,2309648,116251004,52347407,48653412,15250185,387218,48.15,,,,19283756,52664,1.09
1/29/2022,8618,2424090,8402,2409362,19,22145,8358,2318006,116400733,52356262,48661581,15382890,382874,48.15,,,,19319515,35759,1.1
1/30/2022,8444,2432534,8208,2417570,12,22157,7829,2325835,116483524,52360895,48666097,15456532,379043,48.15,,,,19353036,33521,1.11
1/31/2022,8008,2440542,7842,2425412,16,22173,8215,2334050,116749385,52383190,48710749,15655446,354055,48.15,65826.3,6.28,5.93,19405770,52734,1.12
2/1/2022,7422,2447964,7161,2432573,12,22185,8715,2342765,116977338,52401980,48745817,15829541,323370,48.15,,,,19460492,54722,1.14
2/2/2022,8587,2456551,8456,2441029,22,22207,8485,2351250,117281006,52433194,48793567,16054245,304257,48.15,,,,19511907,51415,1.15
2/3/2022,9172,2465723,8950,2449979,21,22228,7832,2359082,117605695,52467840,48847383,16290472,280988,48.15,,,,19558919,47012,1.17
2/4/2022,9909,2475632,9721,2459700,22,22250,7827,2366909,118071389,52516744,48924090,16630555,260055,48.15,,,,19608420,49501,1.19
2/5/2022,10490,2486122,10273,2469973,21,22271,8479,2375388,118206561,52527642,48932307,16746612,257975,48.15,,,,19647467,39047,1.21
2/6/2022,10879,2497001,10701,2480674,20,22291,8285,2383673,118272165,52532520,48936217,16803428,255520,48.15,,,,19687651,40184,1.23
2/7/2022,10470,2507471,10304,2490978,12,22303,8711,2392384,118552544,52567044,48981893,17003607,257594,48.15,,,,19748749,61098,1.25
2/8/2022,10398,2517869,10196,2501174,17,22320,8922,2401306,118841228,52603898,49028150,17209180,266270,48.15,,,,19816567,67818,1.27
2/9/2022,13182,2531051,13043,2514217,24,22344,8571,2409877,119165133,52657025,49073926,17434182,269161,48.15,,,,19884598,68031,1.28
2/10/2022,14822,2545873,14576,2528793,20,22364,8503,2418380,119493101,52712844,49121109,17659148,269629,48.15,,,,19955533,70935,1.28
2/11/2022,15242,2561115,15060,2543853,23,22387,8955,2427335,119970717,52788690,49194039,17987988,271333,48.15,,,,20018181,62648,1.28
2/12/2022,16330,2577445,16180,2560033,25,22412,9205,2436540,120100130,52802698,49202672,18094760,270510,48.15,,,,20061475,43294,1.27
2/13/2022,15882,2593327,15682,2575715,24,22436,9482,2446022,120164543,52810016,49207277,18147250,270340,48.15,,,,20103523,42048,1.27
2/14/2022,14900,2608227,14708,2590423,26,22462,9810,2455832,120441833,52863245,49247713,18330875,269898,48.15,,,,20162509,58986,1.26
2/15/2022,14373,2622600,14177,2604600,27,22489,11551,2467383,120732459,52919200,49284260,18528999,270176,48.15,,,,20233638,71129,1.25
2/16/2022,16462,2639062,16326,2620926,27,22516,10868,2478251,120823176,52936344,49292568,18594264,236863,48.15,,,,20289581,55943,1.25
2/17/2022,17349,2656411,17104,2638030,22,22538,11561,2489812,121152464,53013711,49343716,18795037,237052,48.15,,,,20353406,63825,1.24
2/18/2022,18066,2674477,17898,2655928,27,22565,12511,2502323,121614369,53115968,49417210,19081191,234807,48.15,,,,20421570,68164,1.24
2/19/2022,18885,2693362,18661,2674589,29,22594,10946,2513269,121744206,53138896,49426747,19178563,234868,48.15,,,,20470260,48690,1.24
2/20/2022,18953,2712315,18770,2693359,30,22624,13962,2527231,121816249,53150698,49432238,19233313,235958,48.15,,,,20524483,54223,1.24
2/21/2022,18883,2731198,18721,2712080,32,22656,14914,2542145,122066581,53204923,49465744,19395914,232107,48.15,,,,20593521,69038,1.24
2/22/2022,18363,2749561,18236,2730316,35,22691,15651,2557796,122344923,53266216,49507018,19571689,230352,48.15,,,,20675158,81637,1.23
2/23/2022,21232,2770793,21064,2751380,39,22730,16662,2574458,122638728,53330626,49549320,19758782,259365,44.44,,,,20750286,75128,1.23
2/24/2022,23557,2794350,23329,2774709,38,22768,16131,2590589,122969740,53415056,49590948,19963736,259611,44.44,,,,20827724,77438,1.21
2/25/2022,24932,2819282,24765,2799474,41,22809,15774,2606363,123436836,53526128,49648679,20262029,260352,48.61,,,,20897223,69499,1.2
2/26/2022,25615,2844897,25449,2824923,40,22849,14641,2621004,123562533,53546134,49657297,20359102,259761,48.61,,,,20947002,49779,1.18
2/27/2022,24719,2869616,24599,2849522,42,22891,16875,2637879,123629346,53559859,49661811,20407676,259014,48.61,,,,20999193,52191,1.16
2/28/2022,22311,2891927,22175,2871697,42,22933,17470,2655349,123840373,53615130,49685222,20540021,253399,48.61,67334.4,6.19,3.71,21069994,70801,1.15
3/1/2022,20420,2912347,20249,2891946,43,22976,18297,2673646,123999850,53665546,49702406,20631898,236418,48.61,,,,21146224,76230,1.17
3/2/2022,22197,2934544,22079,2914025,45,23021,19093,2692739,124187417,53729769,49722040,20735608,221241,48.61,,,,21213525,67301,1.14
3/3/2022,23618,2958162,23437,2937462,49,23070,18939,2711678,124386717,53813138,49741639,20831940,202425,48.61,,,,21276572,63047,1.11
3/4/2022,23834,2981996,23688,2961150,54,23124,19351,2731029,124695615,53923410,49773433,20998772,179826,48.61,,,,21336915,60343,1.09
3/5/2022,22818,3004814,22681,2983831,52,23176,18462,2749491,124776595,53938517,49778903,21059175,173437,48.61,,,,21377196,40281,1.08
3/6/2022,21881,3026695,21747,3005578,59,23235,21448,2770939,124816308,53947793,49781999,21086516,169566,48.61,,,,21421157,43961,1.07
3/7/2022,21162,3047857,21060,3026638,65,23300,23159,2794098,124957916,53991041,49797368,21169507,159649,48.61,,,,21482486,61329,1.07
3/8/2022,18943,3066800,18877,3045515,69,23369,25005,2819103,125117530,54046160,49814033,21257337,159669,48.61,,,,21548079,65593,1.06
3/9/2022,22073,3088873,21981,3067496,69,23438,24747,2843850,125309448,54122208,49832389,21354851,160290,48.61,,,,21609921,61842,1.05
3/10/2022,22984,3111857,22937,3090433,74,23512,24161,2868011,125546527,54229194,49854149,21463184,165687,48.61,,,,21669847,59926,1.05
3/11/2022,24792,3136649,24712,3115145,63,23575,22065,2890076,125895211,54376164,49889281,21629766,171371,48.61,,,,21726329,56482,1.05
3/12/2022,24592,3161241,24540,3139685,68,23643,21371,2911447,125985736,54402521,49895216,21687999,172734,48.61,,,,21767307,40978,1.05
3/13/2022,23584,3184825,23517,3163202,66,23709,22333,2933780,126036736,54419485,49898477,21718774,174347,48.61,,,,21812573,45266,1.1
3/14/2022,22130,3206955,22103,3185305,69,23778,23508,2957288,126182558,54479348,49913109,21790101,174949,48.61,,,,21875578,63005,1.09
3/15/2022,19742,3226697,19690,3204995,70,23848,24125,2981413,126347633,54543927,49930470,21873236,175729,48.61,,,,21942422,66844,1.08
3/16/2022,23945,3250642,23897,3228892,70,23918,23339,3004752,126530094,54619202,49947311,21963581,174378,48.61,,,,22004688,62266,1.07
3/17/2022,25456,3276098,25417,3254309,77,23995,22217,3026969,126764643,54719896,49968845,22075902,174017,48.61,,,,22070239,65551,1.06
3/18/2022,27071,3303169,27022,3281331,80,24075,21522,3048491,127115806,54856307,50003822,22255677,174371,48.61,,,,22130405,60166,1.05
3/19/2022,25804,3328973,25778,3307109,87,24162,18801,3067292,127188357,54870994,50010297,22307066,171803,48.61,,,,22169614,39209,1.05
3/20/2022,24996,3353969,24965,3332074,84,24246,22292,3089584,127227567,54878521,50013361,22335685,170119,48.61,,,,22214920,45306,1.04
3/21/2022,23441,3377410,23403,3355477,88,24334,23153,3112737,127386581,54929249,50029366,22427966,172003,48.61,,,,22279996,65076,1.04
3/22/2022,21382,3398792,21324,3376801,83,24417,24824,3137561,127582363,54992753,50048054,22541556,176390,48.61,,,,22346279,66283,1.04
3/23/2022,25164,3423956,25116,3401917,80,24497,24770,3162331,127816849,55071546,50066836,22678467,183822,48.61,,,,22409292,63013,1.03
3/24/2022,27024,3450980,26978,3428895,82,24579,23721,3186052,128101004,55163644,50092213,22845147,190909,48.61,,,,22467208,57916,1.07
3/25/2022,26050,3477030,26014,3454909,69,24648,22219,3208271,128494221,55268594,50129087,23096540,196916,48.61,,,,22524237,57029,1.11
3/26/2022,26234,3503264,26198,3481107,67,24715,20013,3228284,128573882,55284139,50134795,23154948,197932,48.61,,,,22567005,42768,1.09
3/27/2022,25821,3529085,25765,3506872,84,24799,24066,3252350,128617064,55292170,50137908,23186986,198500,48.61,,,,22614929,47924,1.08
3/28/2022,24635,3553720,24601,3531473,81,24880,25753,3278103,128801783,55341377,50153809,23306597,202172,48.61,,,,22676675,61746,1.06
3/29/2022,21678,3575398,21614,3553087,78,24958,27183,3305286,129022295,55401760,50171259,23449276,205705,48.61,,,,22751124,74449,1.06
3/30/2022,25389,3600787,25342,3578429,87,25045,26084,3331370,129285386,55467705,50195245,23622436,209791,48.61,,,,22815852,64728,1.04
3/31/2022,27560,3628347,27499,3605928,85,25130,25077,3356447,129548371,55532877,50221967,23793527,206767,48.61,78116.7,6.91,25.39,22876624,60772,1.03
4/1/2022,28379,3656726,28317,3634245,92,25222,23843,3380290,129803989,55601281,50256348,23946360,187110,40.28,,,,22935907,59283,1.01
4/2/2022,28029,3684755,27993,3662238,96,25318,23352,3403642,129865660,55610831,50263095,23991734,184540,40.28,,,,22978475,42568,1.01
4/3/2022,26840,3711595,26800,3689038,97,25415,23412,3427054,129897061,55614740,50268561,24013760,182857,40.28,,,,23022598,44123,1
4/4/2022,24892,3736487,24846,3713884,97,25512,27254,3454308,130039669,55647955,50293558,24098156,176841,40.28,,,,23081512,58914,0.99
4/5/2022,21088,3757575,20995,3734879,91,25603,27519,3481827,130226922,55684700,50322043,24220179,172090,40.28,,,,23147626,66114,0.99
4/6/2022,24252,3781827,24165,3759044,94,25697,26225,3508052,130278250,55690730,50332067,24255453,141838,40.28,,,,23198831,51205,1.02
4/7/2022,26081,3807908,26000,3785044,91,25788,26011,3534063,130517662,55738016,50376565,24403081,138470,40.28,,,,23253339,54508,1
4/8/2022,25140,3833048,25040,3810084,89,25877,24854,3558917,130839488,55795426,50449260,24594802,147928,40.28,,,,23302218,48879,1.02
4/9/2022,25298,3858346,25220,3835304,98,25975,22003,3580920,130896445,55802084,50459781,24634580,147255,40.28,,,,23340145,37927,1
4/10/2022,25139,3883485,25072,3860376,108,26083,25509,3606429,130922632,55804805,50464033,24653794,146510,40.28,,,,23382330,42185,0.98
4/11/2022,22387,3905872,22300,3882676,105,26188,27680,3634109,131078296,55832082,50498248,24747966,148375,40.28,,,,23436017,53687,0.96
4/12/2022,19982,3925854,19930,3902606,101,26289,28057,3662166,131217577,55853430,50524836,24839311,141522,40.28,,,,23491279,55262,0.95
4/13/2022,23015,3948869,22920,3925526,106,26395,27626,3689792,131230966,55854990,50526037,24849939,136102,40.28,,,,23528182,36903,0.96
4/14/2022,24134,3973003,24009,3949535,115,26510,26997,3716789,131242502,55856320,50527045,24859137,103549,40.28,,,,23560006,31824,0.93
4/15/2022,20289,3993292,20221,3969756,119,26629,24969,3741758,131254530,55857659,50528266,24868605,59292,40.28,,,,23592036,32030,0.9
4/16/2022,18892,4012184,18810,3988566,125,26754,22220,3763978,131266169,55858573,50530067,24877529,52818,40.28,,,,23622489,30453,0.9
4/17/2022,17775,4029959,17693,4006259,128,26882,24545,3788523,131278816,55859795,50532929,24886092,50883,40.28,,,,23662394,39905,0.89
4/18/2022,16994,4046953,16918,4023177,124,27006,25910,3814433,131397257,55877475,50582652,24937130,45566,40.28,,,,23716646,54252,0.89
4/19/2022,16891,4063844,16806,4039983,129,27135,24927,3839360,131528382,55894461,50629693,25004228,44401,40.28,,,,23775125,58479,0.89
4/20/2022,20455,4084299,20361,4060344,128,27263,25933,3865293,131664462,55912239,50677719,25074504,61928,40.28,,,,23823155,48030,0.88
4/21/2022,21931,4106230,21816,4082160,129,27392,24619,3889912,131859496,55942202,50748717,25168577,88142,40.28,,,,23865524,42369,0.87
4/22/2022,21808,4128038,21717,4103877,128,27520,19826,3909738,132163305,55981530,50857250,25324525,129825,40.28,,,,23904067,38543,0.84
4/23/2022,20052,4148090,20004,4123881,129,27649,22361,3932099,132231828,55987389,50877056,25367383,137951,40.28,,,,23931655,27588,0.83
4/24/2022,17784,4165874,17706,4141587,126,27775,22846,3954945,132271016,55991102,50887599,25392315,141743,40.28,,,,,,0.82
4/25/2022,14994,4180868,14951,4156538,124,27899,23524,3978469,132404067,56009994,50931574,25462499,143830,40.28,,,,,,0.8
4/26/2022,13816,4194684,13759,4170297,120,28019,21072,3999541,132554817,56030237,50976792,25547788,146634,40.28,,,,,,0.79
4/27/2022,14887,4209571,14816,4185113,125,28144,18919,4018460,132721590,56051747,51026165,25643678,151018,40.28,,,,,,0.77
4/28/2022,14437,4224008,14360,4199473,127,28271,18509,4036969,132919853,56079002,51095873,25744978,151480,40.28,,,,,,0.75
4/29/2022,14053,4238061,13979,4213452,129,28400,16782,4053751,133204350,56117890,51193616,25892844,148721,40.28,,,,,,0.76
4/30/2022,12888,4250949,12784,4226236,126,28526,17105,4070856,133262054,56123981,51207524,25930549,147175,40.28,87304.2,7.43,20.78,,,0.75
5/1/2022,11535,4262484,11480,4237716,91,28617,22022,4092878,133292324,56126946,51215738,25949640,145901,45.83,,,,,,0.74
5/2/2022,9331,4271815,9273,4246989,84,28701,21168,4114046,133377322,56135461,51243118,25998743,139036,45.83,,,,,,0.75
5/3/2022,9721,4281536,9670,4256659,77,28778,20145,4134191,133503859,56148322,51284681,26070856,135577,45.83,,,,,,0.73
5/4/2022,9288,4290824,9268,4265927,82,28860,19119,4153310,133535251,56151263,51292609,26091379,116237,45.83,,,,,,0.71
5/5/2022,9790,4300614,9786,4275713,54,28914,17109,4170419,133718781,56172018,51370818,26175945,114133,45.83,,,,,,0.73
5/6/2022,7705,4308319,7695,4283408,62,28976,11252,4181671,133983225,56204257,51478925,26300043,111268,45.83,,,,,,0.74
5/7/2022,8450,4316769,8446,4291854,58,29034,12224,4193895,134048102,56209333,51496980,26341789,112293,45.83,,,,,,0.74
5/8/2022,8081,4324850,8077,4299931,54,29088,10588,4204483,134097135,56212558,51512397,26372180,114973,45.83,,,,,,0.74
5/9/2022,6488,4331338,6484,4306415,55,29143,12755,4217238,134227921,56228301,51557902,26441718,121514,45.83,,,,,,0.74
5/10/2022,6230,4337568,6226,4312641,53,29196,11132,4228370,134381378,56245937,51608288,26527153,125360,45.83,,,,,,0.74
5/11/2022,7650,4345218,7647,4320288,56,29252,9322,4237692,134546583,56265514,51667069,26614000,144476,45.83,,,,,,0.74
5/12/2022,8019,4353237,8016,4328304,59,29311,8807,4246499,134753182,56289325,51747964,26715893,147772,45.83,,,,,,0.73
5/13/2022,7779,4361016,7777,4336081,56,29367,9286,4255785,134803233,56293551,51760847,26748835,117144,45.83,,,,,,0.72
5/14/2022,6736,4367752,6734,4342815,54,29421,9213,4264998,134947988,56307248,51799840,26840900,51790,45.83,,,,,,0.73
